Crop,Planted_Quantity_Hectares,Planted_Date,Expected_Harvest_Date,Expected_Yield_Tons,Surplus_Item,Surplus_Quantity_Tons,Expected_Profit_Main_INR,Expected_Profit_Surplus_INR
Groundnut,14.29,2025-04-17,2025-08-02,29.99,Shells,11.17,1396332.76,11818.79
Cotton,9.22,2025-06-01,2025-10-31,14.02,Stalks,30.68,817708.46,52534.56
Groundnut,3.16,2026-04-05,2026-08-08,6.4,Shells,2.53,306638.66,4077.99
Sugarcane,1.18,2025-07-07,2026-05-17,86.94,Bagasse,27.57,255583.75,27726.98
Paddy,1.17,2025-11-03,2026-02-27,5.08,Straw,5.57,120881.35,16518.57
Sugarcane,6.09,2025-12-12,2026-11-29,407.58,Bagasse,115.94,1336163.18,121041.21
Banana,13.69,2026-02-24,2027-01-29,634.26,Leaves/Stem,312.38,7002045.4,557239.11
Cotton,14.56,2025-08-06,2026-01-14,35.52,Stalks,76.65,1988374.07,185636.66
Millets,3.34,2025-07-09,2025-09-29,6.16,Fodder,9.7,170622.52,20241.49
Paddy,4.57,2026-01-15,2026-05-17,19.57,Straw,24.9,397235.82,74373.48
Paddy,3.38,2026-04-17,2026-08-15,14.86,Straw,18.59,344168.03,48444.8
Sugarcane,5.7,2025-02-10,2026-01-03,489.59,Bagasse,150.5,1484255.05,124226.21
Millets,5.22,2025-04-09,2025-07-04,8.55,Fodder,13.82,233937.19,22382.79
Millets,12.81,2025-01-05,2025-04-12,22.69,Fodder,33.99,626554.04,65517.12
Sugarcane,6.87,2025-06-28,2026-06-25,596.82,Bagasse,178.16,1906417.89,192093.26
Cotton,4.11,2025-08-25,2026-02-05,9.27,Stalks,17.53,470636.04,31374.34
Millets,13.27,2025-06-19,2025-09-14,17.19,Fodder,23.75,468989.15,40812.96
Groundnut,13.44,2025-11-27,2026-04-01,21.8,Shells,8.47,1178688.6,10774.96
Banana,6.69,2025-04-26,2026-03-04,320.52,Leaves/Stem,144.46,4023723.63,246839.6
Cotton,10.54,2025-08-22,2026-01-30,18.38,Stalks,34.32,959208.86,70634.06
Groundnut,5.77,2026-05-12,2026-09-14,14.21,Shells,5.4,710109.01,7024.74
Paddy,14.97,2025-07-06,2025-11-09,89.12,Straw,105.04,1794181.93,246326.28
Paddy,3.97,2025-05-10,2025-09-17,19.77,Straw,26.03,414541.73,69555.69
Banana,5.86,2026-02-05,2027-01-08,237.43,Leaves/Stem,121.86,3126394.8,215434.75
Paddy,2.69,2025-07-06,2025-10-29,14.5,Straw,18.65,308905.62,41407.5
Sugarcane,7.93,2025-05-27,2026-04-11,629.29,Bagasse,176.49,2066372.15,168493.97
Sugarcane,12.65,2025-09-24,2026-09-15,802.06,Bagasse,261.06,2738343.16,235783.3
Groundnut,3.04,2025-04-22,2025-08-24,6.13,Shells,2.33,336920.35,4579.43
Cotton,13.56,2025-01-09,2025-06-16,25.08,Stalks,52.43,1478995.25,125154.94
Paddy,9.81,2025-03-16,2025-07-20,42.41,Straw,54.95,951074.63,110405.38
Millets,14.13,2025-06-02,2025-09-02,16.4,Fodder,24.84,466735.41,53454.72
Paddy,3.05,2025-03-09,2025-06-27,15.21,Straw,17.08,326495.96,46870.43
Banana,10.04,2025-02-02,2025-12-10,428.03,Leaves/Stem,219.85,4816325.86,394616.55
Millets,6.2,2026-03-14,2026-06-04,10.11,Fodder,16.06,278158.31,33355.08
Paddy,3.33,2025-11-13,2026-03-18,15.19,Straw,16.49,343018.9,35900.56
Groundnut,7.31,2025-02-15,2025-06-15,17.42,Shells,7.31,949925.12,9727.78
Millets,14.52,2025-04-09,2025-06-23,15.61,Fodder,22.51,405150.61,39808.37
Banana,2.96,2025-10-08,2026-09-03,141.08,Leaves/Stem,76.61,1460471.54,122917.63
Millets,5.7,2025-05-07,2025-07-30,10.7,Fodder,16.82,304790.34,37045.78
Cotton,4.8,2025-01-26,2025-06-27,8.43,Stalks,17.24,428378.39,25949.39
Groundnut,12.08,2025-11-17,2026-03-04,26.6,Shells,11.27,1433741.42,15079.21
Groundnut,8.89,2025-10-15,2026-02-14,19.31,Shells,7.46,898888.54,14784.53
Millets,9.07,2025-12-08,2026-03-09,9.41,Fodder,15.03,252196.97,24454.72
Paddy,12.5,2025-03-01,2025-06-30,74.13,Straw,88.2,1732276.68,193544.32
Millets,8.34,2025-11-07,2026-01-28,14.4,Fodder,23.66,397173.63,43131.15
Paddy,6.28,2025-10-02,2026-02-16,34.47,Straw,39.3,714815.93,81778.31
Paddy,10.48,2025-05-09,2025-09-21,61.1,Straw,72.47,1280604.03,151743.0
Paddy,10.07,2026-01-08,2026-04-28,59.51,Straw,74.81,1322158.44,195382.83
Banana,4.09,2025-05-24,2026-04-25,150.52,Leaves/Stem,72.88,1574287.98,112751.08
Millets,12.9,2026-05-15,2026-08-02,19.02,Fodder,26.24,522252.67,51783.9
Paddy,7.24,2025-12-23,2026-05-04,29.66,Straw,38.79,698395.76,87700.06
Sugarcane,9.57,2026-03-18,2027-01-12,729.06,Bagasse,226.77,2355662.71,267034.52
Sugarcane,0.88,2026-01-19,2026-12-16,77.62,Bagasse,23.64,238426.82,24994.93
Paddy,12.26,2026-03-03,2026-06-25,64.39,Straw,82.22,1455596.42,181433.59
Cotton,1.51,2025-04-05,2025-09-15,2.29,Stalks,4.21,130140.86,6614.7
Cotton,12.75,2025-03-31,2025-09-26,29.51,Stalks,56.45,1510370.44,124005.81
Cotton,14.08,2026-01-11,2026-06-13,27.0,Stalks,59.05,1497952.41,113580.96
Banana,14.86,2026-05-11,2027-04-11,603.02,Leaves/Stem,318.18,7057756.75,625344.18
Cotton,3.96,2025-07-02,2025-12-11,8.87,Stalks,16.81,477004.55,34197.04
Groundnut,12.48,2025-12-08,2026-03-30,29.9,Shells,11.69,1348740.46,22273.92
Groundnut,5.65,2025-10-11,2026-02-01,12.3,Shells,4.9,614142.16,5308.09
Cotton,4.75,2025-01-25,2025-07-13,10.32,Stalks,21.68,597690.96,49638.92
Cotton,14.0,2025-07-05,2025-12-08,34.94,Stalks,63.67,2004520.22,130263.46
Banana,2.2,2025-03-17,2026-01-19,102.13,Leaves/Stem,52.27,1072938.29,80603.13
Cotton,3.73,2026-01-28,2026-07-14,8.92,Stalks,16.58,491788.69,28736.92
Cotton,5.87,2026-05-15,2026-10-28,14.37,Stalks,31.53,826760.45,59158.46
Banana,11.77,2025-07-01,2026-06-04,486.85,Leaves/Stem,263.21,5139182.47,459646.93
Cotton,6.38,2025-05-06,2025-10-28,14.3,Stalks,30.13,832659.02,67618.1
Banana,8.96,2025-07-09,2026-05-29,430.34,Leaves/Stem,203.28,6375965.94,306155.38
Cotton,1.13,2025-05-29,2025-11-10,2.29,Stalks,5.03,116189.94,10330.89
Groundnut,1.59,2025-02-16,2025-06-04,2.73,Shells,1.05,150036.2,1781.77
Banana,13.57,2026-03-17,2027-01-21,532.14,Leaves/Stem,290.04,7690124.85,501139.34
Groundnut,5.37,2025-05-02,2025-09-06,11.53,Shells,4.51,545299.21,5709.38
Cotton,14.63,2025-07-11,2026-01-03,32.16,Stalks,64.78,1707544.08,149887.64
Groundnut,4.43,2026-02-01,2026-05-25,6.98,Shells,3.04,343181.41,4806.73
Paddy,6.56,2025-11-08,2026-03-27,37.6,Straw,41.02,755965.59,97482.53
Paddy,7.47,2025-08-27,2025-12-31,35.51,Straw,44.74,766020.22,126576.81
Paddy,12.66,2025-04-08,2025-08-04,61.14,Straw,70.04,1236587.19,200645.16
Paddy,8.25,2025-05-13,2025-09-05,48.07,Straw,58.67,1101018.52,161757.95
Banana,4.09,2025-03-19,2026-01-21,151.07,Leaves/Stem,82.39,1968574.01,133003.94
Paddy,11.48,2025-02-03,2025-06-20,52.09,Straw,56.53,1145597.7,139980.19
Banana,8.04,2025-09-25,2026-07-22,347.96,Leaves/Stem,176.1,5004801.94,299676.67
Cotton,9.49,2025-03-07,2025-08-14,16.26,Stalks,30.15,815364.96,55795.21
Sugarcane,9.73,2025-12-01,2026-11-16,847.72,Bagasse,246.6,2678619.42,274579.53
Groundnut,4.82,2025-04-16,2025-08-12,10.59,Shells,4.49,525194.83,8270.99
Paddy,4.24,2026-04-17,2026-08-09,25.27,Straw,30.28,538630.21,79739.38
Banana,1.6,2025-09-06,2026-07-25,59.07,Leaves/Stem,27.48,631702.61,50025.62
Groundnut,5.51,2025-07-14,2025-10-24,11.1,Shells,4.86,566314.83,5947.91
Cotton,2.95,2025-04-02,2025-09-08,4.95,Stalks,9.09,253471.48,17823.48
Sugarcane,13.47,2026-03-09,2027-02-16,938.15,Bagasse,258.5,2942790.59,277916.94
Millets,2.78,2025-02-17,2025-05-19,3.55,Fodder,5.65,102031.61,9517.54
Millets,3.92,2025-01-28,2025-05-05,6.0,Fodder,9.4,151870.24,15488.75
Banana,10.84,2025-04-21,2026-03-09,462.6,Leaves/Stem,232.79,4873888.86,401261.56
Banana,6.26,2025-07-11,2026-05-31,288.34,Leaves/Stem,135.01,3696468.47,259267.13
Millets,5.25,2025-10-27,2026-02-03,9.93,Fodder,15.17,281967.43,34726.73
Cotton,7.45,2025-08-16,2026-01-27,16.66,Stalks,33.7,930716.8,69572.25
Sugarcane,4.61,2025-01-06,2025-12-23,365.93,Bagasse,111.33,1115818.53,132995.5
Cotton,14.04,2026-03-13,2026-08-31,24.22,Stalks,47.14,1329147.53,110817.54
Millets,4.63,2025-04-05,2025-07-12,8.78,Fodder,12.06,242526.05,23039.39
Groundnut,14.96,2025-01-06,2025-04-17,31.06,Shells,13.46,1399346.18,26584.4
Millets,2.98,2026-03-11,2026-06-18,5.12,Fodder,7.73,140201.46,18077.24
Cotton,3.21,2025-04-28,2025-09-28,6.18,Stalks,12.38,323980.92,19991.68
Sugarcane,11.63,2025-02-07,2026-01-09,874.38,Bagasse,284.98,2644518.18,295681.92
Millets,5.38,2025-01-10,2025-03-30,5.72,Fodder,9.42,152219.32,21759.02
Paddy,2.51,2025-11-25,2026-03-31,10.63,Straw,12.69,238371.45,35459.53
Paddy,12.84,2026-03-20,2026-07-19,61.85,Straw,80.65,1482155.95,177833.4
Banana,1.46,2025-10-23,2026-09-09,52.15,Leaves/Stem,27.54,737385.59,51644.41
Groundnut,2.87,2025-08-01,2025-11-13,6.64,Shells,2.74,333531.54,3723.2
Cotton,9.03,2026-02-06,2026-07-13,17.63,Stalks,36.77,1040111.37,78103.21
Paddy,11.34,2025-05-23,2025-09-10,50.63,Straw,65.61,1090345.65,166882.5
Banana,8.37,2025-07-17,2026-05-18,334.74,Leaves/Stem,175.09,4508475.16,277231.44
Cotton,7.68,2026-04-23,2026-09-26,15.92,Stalks,35.01,915782.58,77266.39
Banana,11.29,2025-09-11,2026-07-11,491.66,Leaves/Stem,258.73,7071952.96,432348.41
Millets,8.28,2025-10-30,2026-01-16,12.06,Fodder,18.47,331787.99,37676.23
Cotton,3.82,2025-11-28,2026-05-09,8.48,Stalks,17.44,482846.83,35625.11
Banana,9.19,2025-05-28,2026-04-03,453.86,Leaves/Stem,219.78,5054527.59,376219.06
Sugarcane,14.24,2026-01-31,2026-12-09,913.83,Bagasse,252.26,2722492.27,275073.95
Banana,14.02,2025-12-22,2026-10-21,656.85,Leaves/Stem,297.09,8707752.76,560199.84
Sugarcane,1.5,2025-02-20,2026-01-14,94.69,Bagasse,30.34,325495.01,25762.43
Cotton,14.78,2025-04-20,2025-09-20,24.01,Stalks,52.06,1409362.12,105100.71
Cotton,6.0,2025-11-05,2026-04-12,10.23,Stalks,21.64,573260.71,34932.74
Groundnut,8.29,2025-03-16,2025-06-29,15.31,Shells,5.94,801861.44,8626.17
Banana,0.98,2025-09-08,2026-07-28,42.79,Leaves/Stem,19.96,435148.45,33048.5
Cotton,8.92,2025-05-30,2025-11-21,13.5,Stalks,27.88,699034.86,68614.64
Paddy,8.58,2025-12-08,2026-04-24,43.5,Straw,48.91,922129.69,112979.02
Millets,11.37,2026-01-14,2026-04-22,21.58,Fodder,30.46,560075.21,46803.3
Millets,12.63,2025-01-19,2025-04-21,16.34,Fodder,25.56,451608.82,52000.69
Paddy,6.31,2025-06-15,2025-10-21,27.2,Straw,30.56,637762.28,90033.29
Sugarcane,4.43,2026-01-01,2026-11-30,320.12,Bagasse,86.92,931327.3,94428.92
Cotton,6.42,2025-11-09,2026-04-30,11.26,Stalks,21.15,619920.19,44310.29
Paddy,12.1,2025-03-08,2025-07-14,64.2,Straw,73.01,1309536.55,163774.0
Millets,9.25,2025-10-29,2026-01-22,18.15,Fodder,29.64,466553.18,56505.47
Sugarcane,0.69,2025-09-20,2026-08-18,45.7,Bagasse,12.41,133764.12,12822.22
Groundnut,10.71,2026-01-20,2026-05-14,22.76,Shells,8.81,1211994.43,12008.55
Groundnut,12.54,2025-10-20,2026-02-02,28.51,Shells,11.09,1528440.49,13524.37
Sugarcane,11.57,2025-10-07,2026-09-01,863.39,Bagasse,279.46,2900902.92,271100.07
Banana,7.93,2025-01-09,2025-12-14,360.68,Leaves/Stem,176.83,3999982.87,322277.46
Millets,14.77,2026-03-18,2026-06-13,24.98,Fodder,38.84,727240.73,78832.06
Sugarcane,8.86,2026-02-26,2027-01-25,678.9,Bagasse,209.84,2295238.2,185198.18
Sugarcane,2.53,2025-01-27,2026-01-18,172.03,Bagasse,54.01,511877.24,56885.45
Cotton,3.04,2025-06-22,2025-12-05,5.83,Stalks,11.39,321752.9,17619.94
Groundnut,14.4,2025-07-12,2025-11-07,22.9,Shells,9.66,1046129.18,17746.18
Banana,5.66,2025-04-23,2026-03-27,249.92,Leaves/Stem,136.19,2994853.06,269253.55
Millets,11.12,2025-10-16,2026-01-02,17.12,Fodder,23.94,500034.94,56173.0
Banana,9.15,2026-04-27,2027-03-01,426.06,Leaves/Stem,196.27,4420666.02,365865.8
Paddy,10.72,2025-04-14,2025-08-11,52.74,Straw,57.92,1071205.38,115975.5
Banana,4.45,2025-12-20,2026-10-27,179.85,Leaves/Stem,82.58,2623394.23,129519.24
Sugarcane,10.51,2026-05-12,2027-04-23,657.94,Bagasse,215.47,2191515.69,227445.77
Paddy,10.05,2026-01-09,2026-05-14,57.27,Straw,65.28,1257517.47,145000.55
Sugarcane,1.25,2025-01-26,2026-01-07,76.66,Bagasse,23.4,268275.31,23922.35
Millets,13.77,2025-09-27,2025-12-25,23.37,Fodder,33.63,692265.7,83101.69
Cotton,7.38,2026-04-23,2026-10-09,17.3,Stalks,33.35,1008402.38,51259.2
Banana,8.63,2025-10-28,2026-09-26,416.61,Leaves/Stem,209.57,5084792.04,356739.01
Paddy,8.31,2026-04-15,2026-08-27,45.5,Straw,54.82,987680.7,157698.8
Sugarcane,0.85,2025-06-19,2026-05-18,51.54,Bagasse,16.62,163394.99,19538.92
Banana,1.52,2025-10-29,2026-09-22,70.69,Leaves/Stem,34.65,876512.04,62846.53
Groundnut,14.77,2025-09-23,2026-01-30,28.33,Shells,11.15,1483807.07,13812.37
Banana,7.28,2026-01-11,2026-12-06,347.93,Leaves/Stem,181.46,4504142.66,297346.31
Cotton,14.82,2025-03-14,2025-08-25,27.93,Stalks,57.87,1457458.31,141779.25
Cotton,4.26,2026-01-15,2026-06-19,10.57,Stalks,22.76,592004.4,54708.76
Sugarcane,2.92,2025-02-21,2025-12-21,195.49,Bagasse,63.84,636271.6,66591.17
Cotton,2.24,2025-04-17,2025-09-15,4.22,Stalks,7.66,251396.81,17818.74
Cotton,1.34,2025-02-16,2025-08-07,3.19,Stalks,6.93,191237.56,11600.09
Sugarcane,7.97,2025-12-04,2026-11-30,716.42,Bagasse,232.01,2238358.66,243419.08
Cotton,8.29,2025-11-25,2026-04-27,17.24,Stalks,31.66,1013274.25,55898.9
Groundnut,7.41,2025-07-14,2025-11-15,17.43,Shells,6.32,841703.65,12207.65
Banana,1.76,2026-04-17,2027-02-25,61.73,Leaves/Stem,32.07,632357.05,56645.28
Cotton,3.69,2026-04-06,2026-09-30,5.82,Stalks,12.46,319817.53,24678.11
Cotton,13.64,2025-11-19,2026-05-11,29.49,Stalks,59.5,1729438.95,132917.64
Banana,13.09,2025-04-02,2026-02-28,489.04,Leaves/Stem,227.91,5707118.51,369064.92
Cotton,10.36,2025-07-10,2026-01-02,23.34,Stalks,43.49,1372595.24,103151.48
Banana,13.25,2026-03-02,2027-01-05,626.71,Leaves/Stem,296.35,9114560.99,444690.97
Sugarcane,12.57,2026-04-22,2027-02-27,756.61,Bagasse,217.32,2445249.15,259148.55
Paddy,2.18,2025-12-20,2026-05-06,8.76,Straw,11.18,179700.84,25527.77
Sugarcane,6.77,2026-04-27,2027-04-24,485.85,Bagasse,136.41,1616709.2,152168.46
Groundnut,10.47,2025-08-30,2025-12-11,18.86,Shells,7.86,861402.32,12435.86
Paddy,1.34,2025-04-30,2025-09-13,7.64,Straw,10.07,173460.16,24630.8
Banana,2.39,2026-01-16,2026-11-23,84.53,Leaves/Stem,38.23,982073.86,66685.41
Banana,4.16,2026-04-16,2027-03-07,155.52,Leaves/Stem,77.27,2289490.51,119853.25
Paddy,2.87,2026-01-10,2026-05-28,15.46,Straw,17.52,314294.44,46962.35
Millets,2.4,2025-07-14,2025-10-13,4.71,Fodder,6.4,134971.41,15420.96
Cotton,9.76,2025-09-19,2026-03-06,17.32,Stalks,37.99,936896.65,90951.83
Sugarcane,3.59,2025-11-16,2026-10-06,292.4,Bagasse,88.82,915233.26,90355.98
Groundnut,3.19,2025-05-25,2025-09-30,7.26,Shells,3.06,388031.26,5388.73
Banana,12.05,2026-03-04,2027-01-21,588.19,Leaves/Stem,300.96,8224476.35,523899.48
Millets,9.18,2026-01-17,2026-04-13,11.45,Fodder,17.38,299162.17,28865.15
Millets,8.94,2025-04-27,2025-07-12,16.07,Fodder,23.19,438326.94,35054.48
Sugarcane,10.37,2025-12-04,2026-11-06,712.94,Bagasse,222.22,2425482.96,247095.39
Banana,7.47,2025-03-29,2026-02-08,272.97,Leaves/Stem,138.42,2754769.07,241013.89
Groundnut,10.69,2025-07-21,2025-11-05,16.14,Shells,6.23,809858.66,6777.41
Cotton,1.7,2025-03-18,2025-09-03,3.16,Stalks,6.1,188887.94,10375.24
Sugarcane,12.11,2026-04-27,2027-04-05,764.59,Bagasse,235.64,2518966.99,191489.18
Millets,9.44,2025-08-11,2025-11-02,16.13,Fodder,25.99,460841.11,59821.91
Millets,9.38,2026-01-18,2026-04-09,15.58,Fodder,23.62,436043.37,53944.12
Banana,1.09,2025-07-07,2026-05-16,39.48,Leaves/Stem,18.0,443578.18,28435.9
Cotton,9.43,2025-05-27,2025-11-15,18.58,Stalks,38.98,1090986.53,75373.88
Banana,2.84,2026-03-30,2027-02-10,127.23,Leaves/Stem,61.48,1617397.78,107383.33
Groundnut,3.39,2025-02-04,2025-06-12,5.33,Shells,1.93,253584.5,2822.86
Millets,14.43,2026-03-18,2026-06-24,20.57,Fodder,29.9,552411.34,74380.72
Sugarcane,13.07,2025-04-06,2026-03-07,795.73,Bagasse,233.73,2565697.78,242866.37
Groundnut,6.61,2026-03-02,2026-06-28,13.83,Shells,5.99,651484.58,9721.57
Cotton,11.13,2025-12-21,2026-06-14,24.66,Stalks,53.35,1277309.85,92697.94
Millets,7.93,2025-10-20,2026-01-07,8.48,Fodder,12.56,216129.48,23927.06
Millets,7.96,2026-04-18,2026-07-21,12.68,Fodder,17.74,341794.57,43807.37
Sugarcane,12.94,2025-09-18,2026-09-17,1076.66,Bagasse,299.15,3745565.27,293620.46
Banana,13.31,2025-04-28,2026-03-07,531.91,Leaves/Stem,263.23,7099377.24,414028.75
Cotton,4.11,2025-06-20,2025-11-28,9.07,Stalks,16.93,468703.06,26015.85
Cotton,5.67,2025-07-23,2025-12-24,12.94,Stalks,26.94,704760.1,63691.98
Millets,3.48,2026-03-21,2026-06-23,4.42,Fodder,6.04,122238.85,14717.1
Cotton,9.78,2025-02-04,2025-07-09,16.43,Stalks,30.16,838473.66,62873.67
Groundnut,2.65,2025-06-30,2025-10-25,6.53,Shells,2.35,356003.31,3851.93
Paddy,8.91,2025-07-03,2025-11-04,44.94,Straw,52.23,994476.36,111027.48
Millets,4.96,2025-12-02,2026-03-04,5.96,Fodder,9.25,177903.38,14743.58
Cotton,6.93,2025-01-05,2025-06-18,11.62,Stalks,24.14,678389.0,59012.99
Sugarcane,0.75,2026-04-11,2027-02-21,63.69,Bagasse,20.5,212594.9,17327.5
Paddy,10.5,2025-10-16,2026-02-03,46.53,Straw,57.61,1003906.04,152737.53
Sugarcane,5.55,2026-03-26,2027-03-24,341.03,Bagasse,112.07,1052021.48,128690.14
Paddy,1.81,2025-06-08,2025-10-04,7.63,Straw,9.43,175953.63,27589.11
Banana,12.21,2025-03-23,2026-01-29,573.47,Leaves/Stem,283.04,8079716.94,441571.99
Millets,9.91,2025-08-01,2025-10-29,16.16,Fodder,24.77,449525.87,46578.0
Cotton,7.01,2025-11-01,2026-04-16,13.63,Stalks,24.61,761516.51,41060.42
Millets,9.48,2026-03-06,2026-05-28,13.08,Fodder,21.05,360947.95,41661.78
Cotton,12.3,2025-06-02,2025-11-10,20.28,Stalks,40.78,1063902.93,80609.64
Banana,11.59,2025-11-22,2026-10-08,439.69,Leaves/Stem,198.19,5820340.79,386275.34
Paddy,9.99,2025-02-20,2025-06-24,43.9,Straw,52.46,912164.44,113645.76
Groundnut,4.22,2025-02-21,2025-06-14,7.63,Shells,3.24,384488.01,4248.64
Groundnut,10.91,2025-01-02,2025-04-28,27.02,Shells,11.51,1357074.38,12928.29
Groundnut,3.13,2026-02-01,2026-05-18,5.62,Shells,2.38,263309.84,4564.25
Groundnut,7.51,2025-09-20,2026-01-19,15.4,Shells,5.6,790505.31,10927.86
Millets,12.38,2025-08-02,2025-10-24,22.21,Fodder,34.29,574658.59,63805.89
Sugarcane,13.55,2025-07-27,2026-07-10,909.29,Bagasse,288.09,2720926.87,325266.78
Groundnut,10.24,2025-12-11,2026-04-07,23.21,Shells,8.63,1142847.59,9950.25
Paddy,11.18,2025-08-14,2025-12-02,49.57,Straw,54.67,996087.06,144436.58
Groundnut,3.49,2025-01-11,2025-04-30,6.13,Shells,2.52,279433.27,2877.27
Banana,9.16,2025-05-26,2026-03-24,381.43,Leaves/Stem,188.65,5196062.31,284467.32
Groundnut,12.37,2025-03-09,2025-07-12,22.73,Shells,9.83,1198467.15,12433.92
Cotton,13.47,2026-01-22,2026-06-29,24.56,Stalks,46.43,1315187.09,72868.35
Paddy,12.56,2026-03-20,2026-07-12,52.0,Straw,64.15,1096398.67,166328.89
Banana,8.23,2026-01-16,2026-11-14,311.55,Leaves/Stem,141.83,3705071.65,238483.19
Banana,11.09,2025-10-13,2026-08-16,484.71,Leaves/Stem,222.42,7177744.99,404243.91
Paddy,2.97,2025-04-16,2025-09-02,14.39,Straw,18.38,287871.18,42289.68
Groundnut,7.39,2025-01-30,2025-05-22,11.97,Shells,5.24,541047.15,9102.82
Groundnut,4.03,2025-10-13,2026-02-10,6.42,Shells,2.44,339483.31,4549.83
Cotton,12.48,2025-02-07,2025-07-26,27.57,Stalks,50.02,1462072.49,88190.89
Sugarcane,6.02,2025-09-15,2026-09-14,416.38,Bagasse,122.34,1296208.34,127262.68
Millets,13.83,2026-03-03,2026-05-31,27.55,Fodder,44.23,717472.32,107505.23
Sugarcane,8.33,2026-03-05,2027-02-02,668.31,Bagasse,201.8,2208761.51,172843.96
Groundnut,12.37,2026-02-03,2026-06-03,18.84,Shells,7.01,889928.96,13720.83
Sugarcane,9.79,2025-01-25,2025-12-15,728.19,Bagasse,210.32,2348019.28,179966.45
Millets,12.53,2026-03-12,2026-05-28,24.47,Fodder,39.09,693272.65,63394.67
Cotton,0.87,2025-01-25,2025-07-08,2.14,Stalks,4.32,127668.59,8348.39
Cotton,14.08,2025-01-20,2025-07-06,25.03,Stalks,53.58,1251583.23,81317.71
Sugarcane,9.93,2026-04-12,2027-03-08,614.08,Bagasse,194.57,1917071.97,160182.77
Banana,11.44,2026-02-19,2026-12-30,569.2,Leaves/Stem,269.75,6096841.7,420996.79
Millets,4.35,2025-09-20,2025-12-19,7.36,Fodder,11.3,207301.38,19536.51
Cotton,9.42,2025-11-04,2026-05-01,20.01,Stalks,40.24,1085759.29,65619.79
Groundnut,6.37,2025-09-13,2026-01-19,11.81,Shells,4.75,588331.08,5590.21
Cotton,11.65,2025-07-02,2025-11-30,19.03,Stalks,37.44,1101901.27,77955.63
Sugarcane,3.25,2026-01-24,2027-01-23,226.54,Bagasse,72.51,734104.95,63775.63
Cotton,14.41,2025-06-13,2025-11-26,23.2,Stalks,46.85,1265415.54,109833.13
Cotton,7.58,2025-07-15,2025-12-13,13.83,Stalks,28.97,757333.31,54344.48
Groundnut,12.96,2025-02-11,2025-06-11,31.83,Shells,11.8,1464864.2,19572.57
Paddy,10.48,2025-03-01,2025-07-04,47.26,Straw,60.58,952464.12,175788.74
Cotton,12.46,2025-09-04,2026-02-02,23.5,Stalks,46.53,1228336.7,111178.36
Cotton,2.68,2026-02-20,2026-07-31,5.39,Stalks,11.17,271746.17,17702.13
Banana,10.06,2026-03-11,2027-01-28,368.0,Leaves/Stem,166.91,4615785.89,282711.76
Millets,14.88,2026-03-12,2026-06-09,28.9,Fodder,45.81,773774.58,87594.72
Cotton,10.07,2025-12-18,2026-05-24,17.77,Stalks,32.13,903101.91,79292.34
Paddy,14.65,2026-04-08,2026-08-13,58.91,Straw,67.23,1239634.48,139115.97
Paddy,8.19,2025-07-09,2025-11-13,38.04,Straw,42.23,832974.98,89272.39
Cotton,8.95,2025-12-17,2026-05-31,20.69,Stalks,42.68,1061003.01,78457.26
Sugarcane,3.76,2025-06-02,2026-05-26,287.65,Bagasse,84.37,838378.55,76735.91
Groundnut,2.26,2025-10-15,2026-02-10,5.39,Shells,2.22,257960.38,4031.4
Paddy,4.25,2026-03-07,2026-07-12,22.41,Straw,25.39,535903.53,69776.59
Millets,11.76,2025-08-24,2025-11-17,15.52,Fodder,24.46,408900.11,49887.55
Cotton,2.89,2025-01-29,2025-07-18,6.43,Stalks,13.68,335228.78,27440.06
Groundnut,11.13,2025-06-20,2025-10-02,23.27,Shells,9.32,1116389.52,14586.0
Cotton,1.86,2025-04-18,2025-09-29,4.42,Stalks,8.72,228109.49,17946.13
Paddy,11.25,2025-01-03,2025-04-23,51.25,Straw,57.74,1205362.38,153447.53
Paddy,8.55,2026-01-19,2026-05-22,44.73,Straw,50.33,958185.41,140108.24
Groundnut,8.1,2025-08-22,2025-12-25,18.95,Shells,8.08,854840.49,14136.33
Cotton,5.84,2025-03-16,2025-08-28,9.63,Stalks,18.51,565921.47,46207.15
Groundnut,6.09,2025-05-12,2025-09-08,13.89,Shells,5.24,644193.6,8714.34
Millets,10.59,2026-02-09,2026-05-04,17.15,Fodder,24.98,496852.42,39792.91
Groundnut,7.9,2025-01-03,2025-05-06,12.67,Shells,4.79,659212.93,5042.93
Sugarcane,9.19,2026-02-07,2027-01-03,557.72,Bagasse,161.36,1810104.5,138705.04
Cotton,11.32,2025-11-10,2026-04-14,19.36,Stalks,41.24,1068729.42,77261.6
Millets,5.26,2025-07-02,2025-09-15,5.73,Fodder,8.11,160389.15,18131.23
Banana,11.14,2025-04-28,2026-03-26,460.29,Leaves/Stem,236.41,6411037.92,368602.93
Millets,14.87,2025-05-04,2025-07-28,25.87,Fodder,42.3,672999.82,87372.76
Sugarcane,5.35,2026-04-06,2027-03-22,471.98,Bagasse,134.78,1463496.6,154874.63
Cotton,7.2,2026-04-13,2026-09-26,13.93,Stalks,30.3,794848.45,64574.47
Millets,11.06,2026-05-13,2026-07-29,15.89,Fodder,24.93,458070.0,41356.58
Groundnut,2.4,2025-02-26,2025-06-25,5.18,Shells,2.26,236672.03,2388.94
Millets,1.03,2026-01-26,2026-04-13,1.31,Fodder,2.08,39135.17,3892.11
Sugarcane,12.75,2025-03-11,2026-02-17,824.82,Bagasse,264.92,2336344.23,277604.31
Banana,2.52,2025-07-15,2026-06-12,117.38,Leaves/Stem,53.84,1312768.71,100477.52
Banana,14.47,2025-05-23,2026-03-25,591.85,Leaves/Stem,315.33,8249539.74,571445.04
Cotton,14.73,2025-03-23,2025-08-24,31.73,Stalks,59.63,1765879.29,117109.29
Paddy,14.23,2026-01-31,2026-06-14,62.13,Straw,67.43,1421536.4,163045.06
Paddy,12.83,2025-10-16,2026-02-19,76.48,Straw,86.77,1653184.91,220616.7
Millets,8.46,2025-04-08,2025-06-27,10.37,Fodder,16.63,281474.49,27289.16
Millets,12.82,2025-03-07,2025-05-30,18.75,Fodder,27.63,529778.76,56515.28
Millets,12.19,2025-05-18,2025-08-03,12.82,Fodder,20.33,333407.42,35752.76
Groundnut,8.4,2025-03-09,2025-06-30,18.93,Shells,6.84,875749.84,11351.86
Groundnut,13.12,2026-02-15,2026-06-23,25.6,Shells,11.23,1349635.19,11535.09
Paddy,1.87,2026-01-22,2026-05-19,8.54,Straw,10.02,198071.44,23766.77
Paddy,6.26,2026-03-03,2026-07-09,30.56,Straw,34.44,634025.06,72118.6
Groundnut,12.0,2025-06-13,2025-09-25,25.61,Shells,10.85,1253858.04,20778.73
Sugarcane,2.79,2026-04-13,2027-02-18,181.3,Bagasse,55.62,553721.11,64456.6
Banana,14.76,2026-02-21,2027-01-14,561.33,Leaves/Stem,262.94,8122416.22,480429.84
Banana,5.04,2026-04-23,2027-02-22,249.56,Leaves/Stem,133.69,2642396.17,249982.27
Paddy,6.56,2026-01-10,2026-05-20,35.0,Straw,43.13,723233.69,124297.54
Banana,2.85,2025-10-10,2026-08-10,123.68,Leaves/Stem,62.18,1681648.28,120948.12
Millets,6.0,2025-08-15,2025-11-06,10.91,Fodder,16.5,311493.74,29936.78
Banana,13.57,2025-12-30,2026-11-03,547.78,Leaves/Stem,273.57,7746291.88,456206.43
Sugarcane,4.04,2025-06-05,2026-06-01,329.55,Bagasse,97.29,1131592.94,106617.05
Sugarcane,11.36,2026-03-17,2027-02-02,893.21,Bagasse,260.05,3027100.56,257063.29
Banana,9.7,2025-07-31,2026-06-11,354.97,Leaves/Stem,170.92,3556474.84,314635.47
Millets,12.91,2025-05-04,2025-07-18,23.72,Fodder,34.01,669245.79,74623.06
Paddy,3.63,2025-05-23,2025-09-30,14.76,Straw,17.02,333762.73,50009.95
Groundnut,3.88,2026-01-28,2026-05-10,6.05,Shells,2.61,311621.5,4891.73
Banana,8.63,2025-04-01,2026-02-28,359.92,Leaves/Stem,178.53,5155068.67,316591.55
Banana,6.49,2025-11-30,2026-10-15,228.9,Leaves/Stem,112.65,2320101.81,223398.66
Millets,12.95,2025-03-24,2025-06-20,24.74,Fodder,38.99,718066.97,59187.08
Millets,11.04,2025-09-08,2025-12-14,16.92,Fodder,26.07,461056.65,44799.81
Cotton,8.34,2026-02-28,2026-08-13,14.53,Stalks,26.23,794611.99,47247.19
Banana,1.58,2026-05-04,2027-03-13,72.91,Leaves/Stem,33.16,1058250.37,63870.54
Paddy,5.29,2025-03-27,2025-07-23,31.62,Straw,38.9,699600.91,110404.12
Millets,6.72,2025-09-24,2025-12-21,12.47,Fodder,18.79,315718.01,43806.51
Banana,7.58,2025-07-20,2026-05-24,341.39,Leaves/Stem,181.94,4914273.03,324924.13
Cotton,10.57,2026-02-28,2026-08-08,25.48,Stalks,50.6,1309041.06,93145.27
Groundnut,6.93,2025-08-20,2025-12-18,14.77,Shells,6.02,768429.01,7449.35
Groundnut,2.01,2026-02-10,2026-06-01,4.0,Shells,1.65,218021.24,2641.07
Paddy,7.84,2025-03-28,2025-07-21,32.47,Straw,37.05,696397.48,91605.88
Sugarcane,13.66,2026-04-12,2027-04-11,1004.2,Bagasse,299.63,3249353.99,296003.73
Cotton,7.38,2025-06-26,2025-12-05,15.03,Stalks,32.19,758939.38,75109.48
Groundnut,2.07,2025-03-31,2025-07-15,4.77,Shells,1.94,239104.25,2509.37
Millets,4.53,2025-12-10,2026-02-27,5.82,Fodder,9.29,160969.54,22108.92
Paddy,0.93,2025-07-11,2025-11-08,3.8,Straw,4.51,90127.29,9765.07
Groundnut,11.08,2025-03-13,2025-06-28,24.05,Shells,9.15,1244493.19,11865.06
Sugarcane,14.35,2025-09-07,2026-07-11,1232.47,Bagasse,332.92,4069986.28,376810.52
Paddy,9.26,2025-12-04,2026-04-10,39.16,Straw,45.9,854664.89,108739.53
Banana,9.15,2026-02-28,2027-01-13,443.82,Leaves/Stem,217.66,5150711.06,408096.26
Sugarcane,10.19,2025-04-15,2026-03-31,792.88,Bagasse,214.56,2573107.48,250029.94
Paddy,2.74,2025-09-16,2026-01-23,14.46,Straw,18.19,319854.71,51459.83
Millets,2.56,2025-03-22,2025-06-13,3.64,Fodder,5.24,99845.21,10884.53
Sugarcane,13.7,2025-03-03,2026-02-14,910.8,Bagasse,271.42,3070950.05,224451.81
Cotton,10.54,2025-05-26,2025-10-26,22.9,Stalks,43.74,1215145.79,100120.21
Groundnut,3.78,2025-10-15,2026-01-25,7.37,Shells,2.99,387614.17,3285.63
Banana,8.94,2025-11-09,2026-10-10,365.6,Leaves/Stem,183.74,4591353.57,290826.28
Groundnut,1.15,2025-11-17,2026-02-25,2.81,Shells,1.09,140984.43,1503.01
Banana,5.44,2026-04-24,2027-03-16,223.83,Leaves/Stem,107.69,2996099.56,194153.18
Sugarcane,12.7,2026-03-16,2027-03-15,802.1,Bagasse,224.62,2791643.02,200225.08
Banana,8.21,2025-02-14,2025-12-14,299.58,Leaves/Stem,141.07,4382312.16,240817.09
Banana,0.84,2025-11-11,2026-09-21,35.55,Leaves/Stem,16.46,504006.61,27738.37
Groundnut,5.05,2025-03-28,2025-07-11,10.62,Shells,4.53,582402.2,5836.48
Millets,6.15,2025-04-19,2025-07-18,10.91,Fodder,17.94,298818.27,36458.7
Cotton,11.55,2026-01-14,2026-07-05,22.41,Stalks,43.05,1178616.95,72953.56
Paddy,7.86,2026-01-18,2026-05-19,35.13,Straw,44.94,779159.18,97305.98
Cotton,6.94,2025-04-21,2025-09-19,13.8,Stalks,27.06,827151.08,64411.32
Millets,8.76,2025-09-07,2025-12-09,10.52,Fodder,15.45,265075.57,30522.19
Groundnut,13.65,2025-03-05,2025-07-09,32.89,Shells,13.74,1655480.86,25693.38
Cotton,11.31,2026-05-02,2026-10-26,17.62,Stalks,36.51,963247.0,56023.18
Millets,2.66,2025-05-27,2025-08-25,2.91,Fodder,4.59,79907.6,8273.23
Groundnut,4.64,2026-02-21,2026-06-30,10.49,Shells,4.1,525682.8,6118.53
Sugarcane,11.02,2026-03-13,2027-02-26,860.26,Bagasse,262.8,2894441.58,260327.93
Paddy,1.36,2026-03-05,2026-07-09,7.18,Straw,8.27,150503.78,19119.41
Banana,7.0,2025-01-13,2025-12-09,322.07,Leaves/Stem,169.49,4717129.65,256823.91
Banana,10.54,2025-10-25,2026-09-10,425.61,Leaves/Stem,225.76,4849314.95,362424.38
Paddy,12.0,2025-06-12,2025-10-18,52.82,Straw,69.65,1075375.51,139461.42
Banana,11.2,2025-01-25,2025-12-27,516.4,Leaves/Stem,239.76,7109350.9,451818.46
Paddy,11.61,2025-06-13,2025-10-03,60.69,Straw,66.84,1332176.53,138870.08
Groundnut,6.4,2025-12-24,2026-04-13,11.83,Shells,4.36,627964.23,8491.92
Sugarcane,0.59,2025-03-24,2026-02-02,47.47,Bagasse,13.14,160897.29,11785.17
Millets,1.23,2026-03-26,2026-06-21,2.05,Fodder,2.9,60099.86,5513.79
Millets,2.71,2025-02-24,2025-05-31,3.58,Fodder,5.34,93545.92,11430.14
Cotton,0.99,2026-02-07,2026-07-27,1.9,Stalks,4.0,98569.01,8879.17
Millets,7.08,2026-04-29,2026-07-20,11.01,Fodder,16.97,304221.63,33315.04
Millets,12.43,2026-02-12,2026-05-12,19.3,Fodder,29.07,496287.53,66144.31
Sugarcane,6.32,2026-02-19,2027-01-18,404.57,Bagasse,124.52,1148182.78,136904.52
Paddy,0.5,2025-12-15,2026-04-29,2.72,Straw,3.33,64145.51,8602.28
Paddy,5.44,2026-03-04,2026-07-16,22.66,Straw,29.54,528133.42,62918.13
Paddy,12.72,2026-03-04,2026-06-25,70.95,Straw,91.81,1542117.38,267161.88
Groundnut,10.29,2026-02-05,2026-06-10,15.87,Shells,6.43,861768.13,11858.52
Sugarcane,2.52,2025-08-01,2026-06-17,217.39,Bagasse,61.08,651062.96,52030.4
Groundnut,10.69,2025-04-04,2025-07-21,17.16,Shells,7.25,882736.01,7599.35
Cotton,7.73,2025-12-25,2026-06-20,18.29,Stalks,36.4,934797.79,77693.04
Banana,5.86,2026-01-15,2026-11-17,272.57,Leaves/Stem,134.01,3846207.86,257992.57
Paddy,10.03,2026-04-04,2026-08-13,57.78,Straw,65.39,1312256.19,170520.91
Sugarcane,6.22,2025-09-21,2026-07-24,396.66,Bagasse,124.64,1381255.11,102314.41
Groundnut,10.84,2026-03-14,2026-06-22,25.91,Shells,9.92,1261243.35,10496.27
Millets,11.84,2025-02-22,2025-05-19,13.02,Fodder,20.26,341246.97,48848.25
Sugarcane,0.78,2025-12-22,2026-10-31,56.48,Bagasse,16.92,174128.0,17129.39
Millets,4.37,2025-01-29,2025-04-24,8.21,Fodder,11.19,221573.43,25315.24
Groundnut,4.38,2026-04-10,2026-07-26,7.15,Shells,3.06,362887.91,3293.74
Millets,5.83,2026-02-25,2026-05-16,8.37,Fodder,12.13,223554.49,27159.39
Groundnut,9.81,2025-01-12,2025-05-07,20.29,Shells,8.38,1024316.72,15748.16
Banana,0.84,2025-11-27,2026-09-30,39.27,Leaves/Stem,20.74,482627.47,35237.31
Groundnut,13.54,2026-02-17,2026-06-05,33.0,Shells,13.47,1641222.29,14274.38
Groundnut,1.34,2025-03-31,2025-07-16,3.27,Shells,1.38,179566.42,2131.39
Groundnut,11.77,2025-01-17,2025-05-23,26.2,Shells,10.73,1413771.68,19820.4
Banana,8.89,2025-09-24,2026-08-02,419.31,Leaves/Stem,215.36,5006908.81,395630.35
Banana,12.24,2025-06-24,2026-05-27,481.74,Leaves/Stem,239.42,6961482.96,443851.32
Sugarcane,10.51,2026-01-05,2026-11-05,787.4,Bagasse,223.48,2229282.69,215939.09
Millets,8.18,2025-01-15,2025-04-20,16.05,Fodder,24.66,475774.99,55752.67
Millets,8.43,2026-02-01,2026-04-19,9.83,Fodder,14.58,256031.47,22598.69
Paddy,2.49,2025-11-27,2026-03-29,12.59,Straw,14.78,284992.97,31169.44
Groundnut,14.3,2025-02-17,2025-06-20,31.63,Shells,13.87,1603495.43,17469.84
Paddy,13.83,2026-04-16,2026-08-26,61.24,Straw,66.33,1228275.99,187673.55
Cotton,13.66,2025-12-20,2026-06-04,33.61,Stalks,67.51,2008973.19,152391.01
Cotton,12.89,2026-04-23,2026-09-23,22.52,Stalks,46.31,1276118.43,76999.63
Sugarcane,11.69,2025-03-27,2026-03-05,705.64,Bagasse,190.91,2152145.93,223455.88
Sugarcane,12.17,2026-04-14,2027-03-21,847.64,Bagasse,271.99,2805860.48,227971.06
Cotton,4.06,2025-12-15,2026-05-16,9.72,Stalks,17.5,573614.44,28941.62
Banana,14.35,2025-05-09,2026-04-05,612.61,Leaves/Stem,305.17,8072495.66,471597.77
Millets,13.82,2025-04-23,2025-07-13,21.8,Fodder,31.77,630842.85,55629.31
Groundnut,8.82,2025-03-23,2025-07-04,20.7,Shells,8.95,1113112.61,17670.63
Sugarcane,12.68,2025-02-10,2025-12-11,774.5,Bagasse,217.26,2638519.55,198356.53
Cotton,6.76,2025-09-13,2026-02-20,13.95,Stalks,27.5,743024.21,64340.64
Cotton,5.62,2025-10-30,2026-04-20,13.75,Stalks,29.66,745174.1,67635.64
Sugarcane,13.39,2025-08-30,2026-07-03,878.17,Bagasse,254.58,2984479.31,224750.94
Paddy,5.78,2026-01-13,2026-05-17,33.29,Straw,39.63,678457.26,112023.97
Cotton,11.04,2026-04-22,2026-10-12,20.45,Stalks,43.56,1127952.35,85521.07
Cotton,4.6,2025-10-06,2026-03-17,7.07,Stalks,13.09,407624.16,19635.15
Paddy,1.39,2025-11-22,2026-03-16,7.57,Straw,8.54,157564.35,17166.17
Groundnut,3.84,2025-06-28,2025-10-27,8.56,Shells,3.74,404399.52,6219.8
Paddy,12.8,2025-12-09,2026-04-23,58.96,Straw,68.28,1347264.62,192329.7
Millets,2.32,2026-05-11,2026-08-08,4.19,Fodder,6.89,120551.5,13044.11
Cotton,2.67,2025-09-29,2026-03-24,5.11,Stalks,10.74,256556.31,18999.27
Millets,8.96,2025-05-19,2025-08-11,13.28,Fodder,19.37,395027.45,41299.93
Banana,11.51,2025-04-12,2026-02-06,525.17,Leaves/Stem,245.36,7805129.05,423100.46
Sugarcane,10.61,2025-04-06,2026-03-10,783.56,Bagasse,254.86,2574948.04,278203.25
Millets,5.5,2026-02-22,2026-05-16,6.57,Fodder,9.55,175274.8,23669.92
Banana,2.22,2025-02-18,2025-12-26,100.05,Leaves/Stem,49.38,1275292.21,81772.89
Sugarcane,2.86,2025-02-01,2025-12-15,172.98,Bagasse,54.82,499405.02,61344.62
Paddy,14.57,2025-07-08,2025-11-17,65.13,Straw,81.36,1515478.22,207177.57
Paddy,8.34,2025-07-12,2025-11-03,45.34,Straw,58.35,939309.8,163380.2
Banana,14.31,2025-03-21,2026-01-24,674.46,Leaves/Stem,349.18,8852385.92,579036.41
Millets,10.25,2026-04-30,2026-07-21,12.82,Fodder,19.71,357148.92,45980.09
Banana,9.61,2026-05-15,2027-03-26,359.82,Leaves/Stem,168.64,3633814.37,285902.32
Cotton,5.62,2026-02-05,2026-07-10,10.31,Stalks,21.58,557206.77,33845.06
Banana,5.66,2025-02-19,2026-01-03,255.62,Leaves/Stem,116.87,2818723.54,197594.51
Paddy,9.81,2025-07-01,2025-10-25,51.65,Straw,58.25,1119427.78,160242.24
Groundnut,4.53,2025-12-04,2026-03-23,10.94,Shells,3.95,541542.75,7809.56
Sugarcane,14.57,2025-11-21,2026-10-14,1050.61,Bagasse,330.18,3459856.35,319974.62
Banana,8.04,2025-03-12,2026-01-08,306.16,Leaves/Stem,152.56,3472671.47,250767.58
Sugarcane,10.5,2025-06-03,2026-05-11,817.54,Bagasse,229.18,2818768.0,189608.32
Paddy,1.83,2025-04-18,2025-08-24,9.6,Straw,11.86,202268.24,23899.21
Banana,5.91,2025-10-10,2026-08-15,246.8,Leaves/Stem,127.65,3188109.3,225031.39
Banana,9.17,2026-02-17,2026-12-17,451.17,Leaves/Stem,207.8,4860970.13,409858.1
Millets,14.12,2026-02-09,2026-05-18,22.42,Fodder,34.98,636740.54,66747.15
Paddy,6.09,2025-01-07,2025-05-13,30.96,Straw,40.42,646504.7,110173.84
Millets,3.23,2025-10-15,2026-01-03,6.39,Fodder,8.82,160015.82,17054.2
Banana,13.41,2025-12-07,2026-10-27,556.65,Leaves/Stem,264.89,6775553.04,493152.05
Sugarcane,14.95,2025-12-14,2026-10-26,1142.27,Bagasse,354.38,3758762.05,312424.9
Paddy,12.37,2025-04-21,2025-08-28,49.82,Straw,56.78,1039126.92,128936.38
Sugarcane,1.41,2025-03-02,2026-02-14,115.59,Bagasse,35.42,378096.07,29485.72
Sugarcane,13.33,2025-05-07,2026-03-21,997.15,Bagasse,286.18,3341189.05,274440.69
Millets,11.27,2026-01-11,2026-04-09,14.56,Fodder,23.02,395121.68,39277.12
Banana,8.31,2026-01-04,2026-11-27,404.94,Leaves/Stem,217.04,4120280.53,411005.76
Sugarcane,9.64,2025-12-29,2026-12-23,819.49,Bagasse,245.82,2601485.64,210853.35
Groundnut,6.58,2025-03-04,2025-07-03,15.04,Shells,6.13,707045.25,9748.13
Cotton,7.31,2025-03-29,2025-08-29,12.5,Stalks,23.91,714120.0,36139.79
Paddy,4.27,2025-02-07,2025-06-17,18.45,Straw,20.24,382700.73,53923.8
Banana,12.3,2025-03-25,2026-02-06,450.87,Leaves/Stem,215.93,5207113.13,350881.6
Sugarcane,8.27,2025-10-04,2026-09-29,583.98,Bagasse,186.71,1957795.87,172355.42
Cotton,5.24,2026-05-05,2026-10-18,10.51,Stalks,22.87,617601.17,36650.73
Paddy,1.63,2025-04-19,2025-08-09,7.66,Straw,9.23,177543.04,26622.8
Groundnut,12.95,2026-03-27,2026-08-03,25.11,Shells,10.27,1170217.75,17188.34
Cotton,10.97,2026-01-07,2026-06-20,21.82,Stalks,43.03,1252604.63,101678.7
Cotton,11.12,2025-01-18,2025-07-16,18.47,Stalks,33.86,927033.12,56402.23
Sugarcane,13.28,2025-05-02,2026-03-07,1049.64,Bagasse,320.07,3025997.21,283184.41
Banana,4.06,2025-09-04,2026-07-19,162.54,Leaves/Stem,85.32,2090193.05,170053.28
Paddy,6.53,2026-03-22,2026-07-10,33.18,Straw,41.38,756788.83,89864.69
Sugarcane,5.25,2025-05-21,2026-03-17,414.45,Bagasse,125.14,1193937.72,130427.81
Cotton,5.39,2025-05-08,2025-10-28,11.82,Stalks,22.25,637317.78,53303.76
Sugarcane,7.86,2025-11-05,2026-11-04,475.87,Bagasse,151.12,1355435.81,149563.77
Cotton,9.61,2026-02-20,2026-08-14,16.85,Stalks,30.4,964400.26,61883.96
Paddy,7.24,2025-03-27,2025-07-30,31.91,Straw,35.44,674642.34,89719.1
Cotton,3.16,2026-03-26,2026-08-31,7.53,Stalks,14.96,382200.19,28241.88
Sugarcane,13.58,2025-02-17,2025-12-21,1172.23,Bagasse,343.89,3726791.92,408275.26
Groundnut,8.41,2025-02-18,2025-06-10,16.4,Shells,6.58,900231.71,8103.59
Cotton,8.61,2025-08-09,2026-01-08,14.81,Stalks,28.73,795672.18,45069.14
Millets,5.93,2025-03-01,2025-06-03,6.2,Fodder,9.02,183807.94,16950.62
Sugarcane,10.09,2025-02-18,2025-12-23,607.01,Bagasse,193.19,2028000.2,196931.64
Paddy,8.92,2025-07-20,2025-12-02,45.46,Straw,54.78,972880.91,146671.99
Groundnut,2.53,2026-04-30,2026-08-26,5.36,Shells,2.25,250305.62,2688.69
Groundnut,6.17,2026-03-18,2026-07-12,10.85,Shells,4.43,535248.2,7860.16
Sugarcane,8.89,2026-04-15,2027-04-11,575.13,Bagasse,171.64,1898779.03,155913.84
Banana,3.19,2025-08-25,2026-06-22,131.98,Leaves/Stem,71.37,1654408.66,113760.94
Paddy,8.98,2025-06-27,2025-10-26,43.89,Straw,52.15,1046073.88,126781.18
Millets,10.54,2025-08-27,2025-11-12,20.44,Fodder,31.5,544165.11,55739.62
Groundnut,7.22,2025-04-20,2025-08-10,15.56,Shells,6.63,710024.63,11780.12
Groundnut,7.19,2026-01-10,2026-04-25,16.44,Shells,6.94,862744.66,7985.22
Paddy,7.23,2025-01-22,2025-05-17,34.92,Straw,45.16,813541.98,118772.6
Millets,10.17,2026-01-25,2026-05-04,19.3,Fodder,31.2,513890.54,74909.98
Cotton,12.47,2025-09-15,2026-02-19,21.81,Stalks,44.29,1105168.51,70638.92
Groundnut,13.59,2026-03-21,2026-07-25,31.35,Shells,13.44,1723506.47,16685.71
Cotton,5.11,2025-10-18,2026-04-05,12.22,Stalks,26.15,660614.64,39583.22
Groundnut,9.99,2025-10-18,2026-02-16,15.13,Shells,6.37,775222.33,11225.87
Banana,0.58,2025-01-03,2025-11-14,23.91,Leaves/Stem,11.72,285795.47,17986.26
Cotton,11.47,2025-06-20,2025-11-18,25.32,Stalks,49.52,1323951.27,103836.1
Banana,13.97,2025-07-02,2026-05-25,599.52,Leaves/Stem,282.47,8979703.81,562273.19
Groundnut,12.99,2025-06-19,2025-10-16,31.69,Shells,12.69,1726851.7,23258.64
Banana,10.32,2025-07-29,2026-06-16,504.4,Leaves/Stem,258.84,5181173.47,471639.71
Paddy,9.91,2026-04-03,2026-08-12,42.74,Straw,52.68,957256.69,114808.47
Groundnut,1.11,2025-08-30,2025-12-22,2.17,Shells,0.95,98965.13,1601.13
Paddy,9.34,2025-02-12,2025-06-16,53.02,Straw,67.48,1264191.94,171124.9
Sugarcane,6.33,2026-04-06,2027-03-08,538.14,Bagasse,166.05,1536384.58,182028.31
Groundnut,5.65,2025-05-30,2025-09-26,8.65,Shells,3.41,396564.91,5479.35
Groundnut,4.07,2026-03-06,2026-07-13,8.53,Shells,3.41,467118.75,5740.58
Banana,11.19,2025-03-29,2026-01-31,559.04,Leaves/Stem,253.25,8098717.07,458715.59
Paddy,7.24,2025-04-05,2025-08-13,29.86,Straw,34.65,605204.46,103095.64
Paddy,10.2,2025-10-25,2026-03-13,47.04,Straw,57.03,1089335.28,137796.92
Sugarcane,3.83,2025-10-03,2026-09-17,260.66,Bagasse,71.96,760408.76,61807.18
Banana,14.79,2025-10-23,2026-08-26,615.21,Leaves/Stem,293.97,8607689.79,488909.43
Cotton,3.87,2025-03-01,2025-08-07,6.8,Stalks,13.21,385831.61,20641.48
Cotton,2.97,2025-01-04,2025-06-20,5.47,Stalks,11.74,281974.41,18581.33
Sugarcane,12.53,2025-01-11,2025-12-22,1053.95,Bagasse,293.24,3379479.46,293886.16
Millets,5.02,2026-03-04,2026-06-02,5.89,Fodder,9.5,160259.43,23600.23
Sugarcane,12.42,2025-04-16,2026-04-03,901.17,Bagasse,268.1,2980623.61,276066.6
Banana,14.88,2026-02-05,2026-12-16,565.27,Leaves/Stem,256.91,6009827.64,457628.03
Paddy,14.14,2025-08-06,2025-12-20,71.34,Straw,85.11,1614011.86,217845.76
Millets,12.65,2025-11-23,2026-03-02,23.53,Fodder,34.64,626866.62,67686.21
Paddy,7.95,2026-05-03,2026-09-02,45.95,Straw,58.65,1012765.27,160480.46
Groundnut,7.6,2025-04-05,2025-08-04,13.15,Shells,5.32,640690.78,8840.07
Millets,2.41,2025-04-30,2025-08-03,3.08,Fodder,4.36,79815.7,10140.1
Millets,9.26,2026-02-26,2026-05-19,14.43,Fodder,21.09,417434.15,36966.52
Sugarcane,5.83,2025-07-06,2026-06-19,477.38,Bagasse,145.31,1449494.92,173704.83
Paddy,4.16,2025-08-01,2025-12-14,20.98,Straw,25.62,482680.66,67213.5
Sugarcane,11.99,2025-10-03,2026-09-21,814.85,Bagasse,247.11,2395376.83,226743.1
Sugarcane,14.25,2025-10-06,2026-09-16,1115.75,Bagasse,363.14,3737839.32,376205.47
Cotton,7.26,2026-04-18,2026-10-13,12.01,Stalks,23.96,652141.22,50241.98
Cotton,11.66,2025-08-09,2026-01-19,27.14,Stalks,50.71,1365267.84,86432.58
Paddy,7.9,2025-04-26,2025-08-28,45.99,Straw,55.3,1012014.67,113378.44
Groundnut,4.54,2025-11-09,2026-03-08,11.02,Shells,4.85,583620.02,8505.61
Paddy,5.37,2025-05-20,2025-09-07,29.79,Straw,38.71,618337.82,113124.85
Groundnut,6.01,2025-08-20,2025-12-07,11.37,Shells,4.78,525917.79,8473.85
Sugarcane,10.32,2025-12-07,2026-11-11,906.86,Bagasse,265.93,2581209.79,214781.61
Banana,8.11,2025-08-21,2026-07-21,334.77,Leaves/Stem,160.44,3903762.29,264226.7
Banana,9.74,2025-09-30,2026-08-01,440.03,Leaves/Stem,211.99,6266267.53,418379.38
Banana,7.84,2025-08-02,2026-06-23,381.76,Leaves/Stem,184.76,4687285.85,339784.16
Paddy,10.74,2025-09-04,2026-01-19,64.23,Straw,74.18,1371945.57,154215.72
Banana,12.82,2026-03-02,2027-01-13,639.4,Leaves/Stem,322.32,9542551.84,634808.66
Sugarcane,13.97,2026-05-07,2027-03-29,876.91,Bagasse,245.33,2820711.66,211030.14
Millets,7.01,2025-10-17,2026-01-02,8.74,Fodder,13.03,247425.63,29332.84
Sugarcane,3.07,2025-06-01,2026-04-01,194.77,Bagasse,63.59,652273.89,62633.38
Paddy,10.12,2025-10-09,2026-02-10,48.62,Straw,62.83,1146569.06,182783.48
Paddy,6.88,2025-03-07,2025-07-24,40.46,Straw,49.56,948889.86,139882.83
Cotton,11.16,2026-04-26,2026-10-12,19.95,Stalks,39.84,1057338.44,83507.91
Millets,9.67,2026-04-17,2026-07-25,13.44,Fodder,19.58,339040.75,33636.65
Groundnut,8.93,2025-05-29,2025-10-03,21.19,Shells,8.52,1101814.29,12020.5
Sugarcane,5.24,2026-05-12,2027-05-07,437.01,Bagasse,120.58,1246773.26,113901.86
Banana,14.72,2025-12-15,2026-10-15,530.05,Leaves/Stem,270.05,7258681.41,409455.68
Millets,13.02,2025-04-18,2025-07-13,24.39,Fodder,38.7,700988.21,79770.59
Cotton,12.37,2026-01-13,2026-07-11,21.77,Stalks,47.63,1182379.61,87997.32
Groundnut,0.9,2026-01-20,2026-05-22,1.55,Shells,0.68,78653.77,773.76
Sugarcane,5.71,2026-02-09,2026-12-27,424.37,Bagasse,123.51,1295937.65,138613.52
Paddy,8.58,2025-05-21,2025-09-24,48.64,Straw,56.71,1150412.35,145500.18
Millets,6.02,2026-03-21,2026-06-18,10.98,Fodder,16.09,299705.91,29014.87
Banana,0.74,2025-07-16,2026-06-02,26.75,Leaves/Stem,13.16,347974.99,25906.18
Sugarcane,6.41,2025-07-17,2026-07-10,510.83,Bagasse,167.69,1631352.04,182094.79
Cotton,3.75,2025-02-13,2025-08-04,7.55,Stalks,15.93,380825.05,34939.83
Banana,5.64,2025-04-10,2026-03-10,231.51,Leaves/Stem,123.48,3258122.42,222994.45
Paddy,13.54,2025-02-19,2025-06-09,66.19,Straw,83.4,1464562.57,211651.1
Cotton,1.52,2025-08-27,2026-02-22,2.56,Stalks,4.77,149178.94,7354.94
Cotton,3.69,2025-12-18,2026-05-29,8.16,Stalks,15.0,433923.89,37030.12
Paddy,5.04,2026-03-26,2026-07-21,20.67,Straw,24.63,444786.71,57057.53
Banana,1.82,2025-08-18,2026-07-01,64.88,Leaves/Stem,34.26,777985.1,58994.07
Millets,2.62,2026-03-29,2026-06-17,5.09,Fodder,7.23,129988.78,16398.57
Millets,4.14,2025-05-26,2025-08-23,6.14,Fodder,9.24,162969.98,19154.91
Banana,8.61,2025-04-16,2026-02-20,393.41,Leaves/Stem,204.44,4572104.42,330568.94
Banana,5.51,2025-08-02,2026-06-03,229.26,Leaves/Stem,106.2,2730775.76,192187.14
Cotton,14.86,2025-01-03,2025-06-10,31.26,Stalks,64.51,1778083.04,104531.2
Paddy,3.37,2025-07-21,2025-11-26,19.46,Straw,22.98,427878.35,67031.33
Paddy,2.82,2025-08-25,2026-01-05,13.64,Straw,17.21,321792.95,35867.84
Sugarcane,5.44,2025-05-07,2026-04-12,334.95,Bagasse,93.64,1016551.91,77788.9
Banana,0.84,2026-02-09,2026-12-27,41.68,Leaves/Stem,19.32,465039.43,37368.84
Groundnut,1.02,2026-04-11,2026-08-10,1.75,Shells,0.69,78919.52,1281.99
Banana,8.96,2025-09-19,2026-07-27,362.54,Leaves/Stem,183.67,3636742.92,281188.27
Banana,10.79,2025-03-13,2026-01-13,399.01,Leaves/Stem,200.03,4378032.77,309366.01
Cotton,12.57,2025-01-17,2025-07-14,22.85,Stalks,43.5,1162514.61,69161.36
Groundnut,7.03,2025-12-15,2026-04-08,16.67,Shells,6.11,785344.69,10707.58
Cotton,13.12,2026-01-16,2026-06-19,29.23,Stalks,58.28,1664299.36,119634.99
Cotton,8.79,2025-03-05,2025-08-06,19.87,Stalks,36.99,1023155.87,65404.77
Groundnut,6.41,2025-08-12,2025-12-05,10.71,Shells,4.56,544586.22,6099.15
Sugarcane,3.3,2025-11-14,2026-10-01,231.39,Bagasse,66.81,667670.77,56418.03
Millets,3.99,2025-08-27,2025-11-24,7.29,Fodder,11.31,212297.57,21454.98
Groundnut,10.02,2025-03-16,2025-06-28,15.85,Shells,5.75,870126.39,5922.62
Paddy,2.76,2025-05-15,2025-09-05,16.43,Straw,20.87,371937.28,53798.83
Cotton,9.75,2025-04-05,2025-09-22,22.11,Stalks,43.64,1204208.31,92463.21
Paddy,7.76,2025-01-16,2025-05-19,31.41,Straw,37.16,663245.78,79120.12
Cotton,11.8,2026-02-14,2026-07-28,27.36,Stalks,49.69,1611480.3,123825.63
Paddy,9.96,2025-06-30,2025-10-27,55.61,Straw,68.1,1226008.89,140354.59
Banana,14.7,2025-06-20,2026-04-26,701.24,Leaves/Stem,338.3,9384287.32,607966.01
Sugarcane,11.6,2026-01-21,2027-01-15,696.47,Bagasse,203.85,2020025.4,164579.21
Sugarcane,10.54,2025-10-23,2026-09-29,711.79,Bagasse,219.96,2098808.04,186702.7
Sugarcane,1.15,2025-02-10,2026-01-09,75.33,Bagasse,23.02,232616.19,19579.77
Sugarcane,0.7,2025-12-18,2026-11-30,42.58,Bagasse,13.11,131933.23,13362.47
Millets,4.79,2025-06-08,2025-09-15,9.41,Fodder,12.85,277142.58,26687.92
Cotton,0.86,2026-02-09,2026-07-18,1.76,Stalks,3.76,90243.75,8648.78
Sugarcane,6.4,2026-03-30,2027-02-28,574.36,Bagasse,180.13,1923726.22,215753.61
Paddy,4.96,2026-03-05,2026-06-26,25.94,Straw,31.63,545117.23,87182.85
Banana,13.9,2025-05-29,2026-05-03,513.14,Leaves/Stem,253.61,5240365.05,467229.02
Paddy,10.14,2025-05-22,2025-10-07,47.51,Straw,52.85,968143.37,149645.74
Groundnut,9.92,2025-04-19,2025-08-23,18.87,Shells,7.89,996302.2,8822.74
Paddy,0.7,2025-12-21,2026-04-26,3.58,Straw,3.99,72918.85,11232.95
Cotton,14.39,2025-10-18,2026-03-21,28.99,Stalks,53.17,1608618.23,99958.49
Cotton,14.84,2025-08-07,2026-01-28,28.05,Stalks,55.88,1441213.34,88348.44
Millets,6.94,2026-02-17,2026-05-24,13.0,Fodder,21.43,362876.44,49556.31
Sugarcane,7.41,2025-05-09,2026-04-02,635.68,Bagasse,194.22,2089008.26,183706.54
Groundnut,2.36,2026-04-20,2026-08-09,5.18,Shells,2.16,272129.86,4045.38
Millets,14.92,2026-04-20,2026-07-16,26.56,Fodder,41.22,765923.84,74506.38
Cotton,12.05,2025-02-12,2025-07-30,20.8,Stalks,42.02,1148901.22,74890.67
Banana,4.53,2025-05-17,2026-04-01,202.85,Leaves/Stem,108.17,3017873.52,187900.18
Millets,1.2,2025-02-11,2025-05-07,1.25,Fodder,1.87,35558.19,3276.82
Millets,9.97,2025-08-08,2025-10-22,19.71,Fodder,29.83,506122.08,71402.14
Banana,13.66,2025-11-20,2026-10-10,621.62,Leaves/Stem,327.62,7264570.95,645669.7
Cotton,0.8,2025-03-29,2025-09-10,1.25,Stalks,2.63,71276.34,4816.46
Millets,9.61,2026-04-25,2026-07-25,16.11,Fodder,23.23,432555.48,47632.46
Cotton,2.25,2025-01-28,2025-07-07,5.56,Stalks,10.85,281449.24,19956.46
Groundnut,2.91,2025-02-04,2025-06-13,5.82,Shells,2.14,268542.95,4153.84
Cotton,2.17,2025-08-05,2026-01-20,3.26,Stalks,6.67,183095.56,13056.15
Sugarcane,1.39,2025-03-28,2026-01-28,110.45,Bagasse,36.15,320967.99,35823.44
Cotton,2.11,2026-04-20,2026-10-06,3.79,Stalks,7.07,215106.05,10874.27
Groundnut,3.53,2025-08-06,2025-11-17,7.24,Shells,2.95,388926.51,4652.1
Cotton,4.19,2025-10-19,2026-04-04,8.51,Stalks,17.63,475944.81,29060.59
Groundnut,4.8,2025-01-16,2025-04-28,7.93,Shells,3.13,404087.41,3382.33
Millets,11.45,2025-02-08,2025-05-02,20.94,Fodder,28.77,573425.03,61282.78
Millets,5.72,2025-03-31,2025-07-04,6.84,Fodder,10.63,182050.01,26444.78
Sugarcane,3.07,2025-03-11,2026-02-17,187.91,Bagasse,55.31,594058.36,57094.19
Cotton,0.65,2026-03-02,2026-07-30,1.07,Stalks,2.26,60111.87,4162.57
Millets,1.75,2025-09-04,2025-11-18,2.74,Fodder,3.99,76862.17,6081.2
Groundnut,1.29,2025-09-16,2025-12-31,3.1,Shells,1.21,146206.32,1745.52
Banana,3.35,2025-01-11,2025-11-10,127.27,Leaves/Stem,60.64,1593132.12,93025.07
Sugarcane,12.48,2025-05-14,2026-04-20,1042.48,Bagasse,318.91,3221157.65,377327.41
Millets,2.89,2025-08-12,2025-11-13,4.7,Fodder,7.15,121843.7,11151.05
Cotton,11.57,2026-04-25,2026-10-18,19.98,Stalks,41.29,1015005.12,80178.31
Banana,3.17,2025-12-14,2026-11-07,129.34,Leaves/Stem,58.86,1550653.02,103349.55
Banana,13.31,2025-01-08,2025-11-23,560.57,Leaves/Stem,252.67,5678039.86,448904.97
Cotton,14.92,2025-01-09,2025-07-05,26.23,Stalks,48.41,1552171.53,110268.84
Sugarcane,3.19,2026-02-12,2027-01-21,195.76,Bagasse,63.97,663531.61,58765.72
Paddy,14.09,2025-12-11,2026-04-16,78.8,Straw,99.42,1790511.93,215351.16
Banana,10.52,2026-03-29,2027-02-16,390.7,Leaves/Stem,190.75,4990668.58,293445.8
Groundnut,2.96,2025-04-02,2025-07-29,5.42,Shells,2.28,266321.38,3768.78
Groundnut,5.36,2025-10-29,2026-03-02,8.57,Shells,3.74,437015.13,6465.17
Millets,7.61,2025-07-16,2025-10-23,8.0,Fodder,12.28,208311.34,25636.92
Cotton,7.39,2025-11-15,2026-04-25,11.62,Stalks,22.22,621662.78,50715.5
Banana,5.21,2025-01-26,2025-12-05,247.26,Leaves/Stem,116.82,2966294.87,199158.99
Millets,3.12,2025-10-02,2026-01-02,5.65,Fodder,8.09,161916.63,15145.45
Groundnut,12.16,2025-09-10,2026-01-17,18.96,Shells,7.88,879741.61,11156.65
Millets,6.34,2025-12-09,2026-03-15,6.72,Fodder,10.35,193835.71,25813.75
Groundnut,11.09,2025-08-02,2025-11-30,21.45,Shells,7.94,1052998.76,10753.75
Banana,10.2,2026-03-03,2027-01-19,447.12,Leaves/Stem,243.17,5253334.46,394397.66
Cotton,7.34,2026-02-11,2026-08-06,15.2,Stalks,28.64,872825.25,43681.7
Sugarcane,7.36,2026-03-08,2027-01-07,514.59,Bagasse,161.93,1589404.94,142223.48
Cotton,7.58,2025-12-09,2026-05-27,13.35,Stalks,26.27,747506.45,52900.11
Paddy,5.13,2025-10-24,2026-02-16,29.84,Straw,33.96,607698.62,78742.7
Sugarcane,14.15,2026-01-08,2026-11-27,862.13,Bagasse,269.73,2632214.77,229311.0
Banana,13.5,2026-04-29,2027-03-19,477.07,Leaves/Stem,255.79,6147326.23,497595.76
Sugarcane,9.59,2026-02-11,2027-01-01,791.13,Bagasse,256.95,2532000.55,224141.1
Sugarcane,3.13,2025-12-26,2026-12-15,223.93,Bagasse,66.32,720121.85,68698.33
Millets,9.42,2025-02-17,2025-05-13,10.25,Fodder,14.37,282801.47,24630.1
Groundnut,0.71,2026-01-16,2026-05-04,1.49,Shells,0.58,79915.85,759.11
Sugarcane,14.02,2025-09-29,2026-08-09,905.88,Bagasse,292.75,2827217.96,300313.56
Sugarcane,13.35,2025-04-03,2026-02-09,808.59,Bagasse,254.02,2382008.87,216722.55
Banana,1.21,2026-01-01,2026-11-05,44.85,Leaves/Stem,20.19,651047.9,30533.52
Groundnut,7.75,2025-09-25,2026-01-07,13.48,Shells,5.67,709048.75,7442.43
Groundnut,3.54,2025-10-23,2026-02-06,5.61,Shells,2.19,273428.43,4130.97
Paddy,2.7,2025-10-03,2026-02-01,11.09,Straw,12.46,264616.7,30255.17
Groundnut,3.5,2025-03-11,2025-06-21,6.34,Shells,2.5,326206.86,4363.04
Banana,6.28,2026-03-20,2027-02-01,269.1,Leaves/Stem,145.89,3783650.43,279030.04
Paddy,5.19,2025-02-04,2025-06-16,22.25,Straw,27.54,502099.6,55784.19
Paddy,1.41,2025-04-21,2025-08-30,5.95,Straw,6.78,126543.23,19043.84
Sugarcane,8.42,2025-06-22,2026-04-24,721.74,Bagasse,227.98,2094985.01,245335.92
Millets,10.4,2026-02-13,2026-05-21,15.61,Fodder,24.1,430100.02,39040.87
Sugarcane,1.42,2025-03-16,2026-02-16,85.42,Bagasse,25.35,244213.97,27202.1
Millets,14.18,2025-06-28,2025-09-30,18.28,Fodder,28.97,530416.58,72035.73
Cotton,11.26,2025-11-08,2026-04-28,19.73,Stalks,42.4,1019815.77,65874.12
Banana,14.41,2026-04-09,2027-03-12,523.4,Leaves/Stem,245.71,7381384.95,451694.18
Paddy,3.24,2026-04-29,2026-08-21,16.27,Straw,19.93,355395.26,56376.17
Banana,10.79,2026-03-22,2027-02-19,513.42,Leaves/Stem,265.49,6923530.74,446419.16
Paddy,4.91,2025-04-26,2025-09-05,25.65,Straw,29.59,546458.67,61278.4
Banana,10.35,2025-10-19,2026-08-22,470.18,Leaves/Stem,241.18,6731765.97,377722.6
Cotton,2.52,2025-08-10,2026-01-26,5.15,Stalks,11.28,276510.51,20949.13
Paddy,2.99,2025-03-23,2025-08-01,14.73,Straw,16.03,301781.65,38726.26
Millets,14.75,2025-11-06,2026-01-21,15.83,Fodder,24.52,442873.25,46959.37
Cotton,6.46,2025-01-22,2025-06-23,15.47,Stalks,33.13,877697.66,54245.79
Sugarcane,1.17,2025-05-12,2026-04-15,81.46,Bagasse,24.91,284866.77,24264.95
Groundnut,0.52,2025-11-03,2026-02-19,1.08,Shells,0.43,57910.42,475.32
Banana,13.77,2025-11-16,2026-10-03,635.27,Leaves/Stem,296.53,6735016.85,454818.42
Sugarcane,10.98,2026-01-18,2026-11-14,698.04,Bagasse,209.93,2124961.04,199418.8
Paddy,10.92,2025-04-15,2025-08-25,44.46,Straw,58.63,930588.41,120416.08
Sugarcane,4.48,2025-04-23,2026-03-01,279.71,Bagasse,83.11,927899.88,89310.47
Cotton,7.88,2025-03-20,2025-09-03,18.64,Stalks,33.63,1077027.83,65939.47
Banana,12.22,2025-05-26,2026-03-28,566.01,Leaves/Stem,268.78,7183784.71,536503.11
Groundnut,13.01,2025-10-12,2026-02-09,26.47,Shells,11.35,1277410.79,22178.38
Banana,0.76,2025-01-20,2025-12-09,27.38,Leaves/Stem,15.04,404046.23,23590.4
Banana,6.71,2025-07-04,2026-06-03,271.41,Leaves/Stem,134.04,4040611.3,255203.16
Banana,5.29,2025-04-08,2026-02-02,260.8,Leaves/Stem,118.93,2996135.96,196119.51
Millets,10.27,2025-07-26,2025-10-22,19.68,Fodder,30.81,519907.02,56267.75
Sugarcane,13.69,2026-01-16,2026-11-12,1158.69,Bagasse,350.71,3307480.1,414602.09
Banana,11.2,2025-01-16,2025-12-21,427.66,Leaves/Stem,197.39,6065118.86,345675.85
Paddy,12.38,2025-01-23,2025-05-19,54.45,Straw,62.52,1151937.34,148613.41
Groundnut,11.44,2025-01-16,2025-05-02,23.94,Shells,9.96,1123809.09,14414.12
Groundnut,12.05,2025-10-15,2026-01-31,25.85,Shells,9.63,1304661.22,10472.11
Sugarcane,3.7,2025-04-07,2026-02-23,327.54,Bagasse,92.56,976934.89,109947.06
Paddy,1.12,2025-04-19,2025-08-29,5.36,Straw,7.01,110227.31,19372.25
Paddy,7.87,2025-10-21,2026-03-02,39.0,Straw,46.6,899803.32,122491.19
Cotton,2.62,2025-06-18,2025-11-23,6.33,Stalks,13.64,356089.94,31484.78
Paddy,5.35,2025-09-27,2026-02-03,28.2,Straw,32.87,580751.56,85345.87
Groundnut,8.5,2026-03-20,2026-07-14,16.37,Shells,7.16,844326.19,11201.07
Groundnut,9.21,2025-02-10,2025-06-04,20.81,Shells,8.68,976646.6,12770.96
Sugarcane,3.11,2025-10-19,2026-08-27,218.6,Bagasse,67.99,615958.84,73158.52
Paddy,12.88,2025-01-25,2025-05-19,60.8,Straw,66.93,1265162.73,170369.67
Millets,4.82,2025-05-25,2025-08-31,9.21,Fodder,12.45,252531.76,20209.43
Paddy,5.47,2025-09-30,2026-02-07,28.12,Straw,34.29,642788.97,76817.12
Sugarcane,13.32,2025-06-01,2026-04-13,877.31,Bagasse,245.62,3019299.57,228705.45
Paddy,13.41,2025-06-06,2025-09-27,79.17,Straw,99.52,1772593.89,286706.69
Paddy,5.05,2025-06-04,2025-10-06,22.39,Straw,28.87,455601.51,71810.79
Sugarcane,5.46,2025-04-02,2026-03-16,400.47,Bagasse,119.88,1219893.66,139518.67
Paddy,4.84,2025-03-17,2025-07-21,22.38,Straw,28.07,518884.84,79520.55
Groundnut,11.97,2025-04-28,2025-08-12,22.02,Shells,8.89,999943.21,15511.49
Paddy,1.24,2025-09-23,2026-02-01,6.63,Straw,7.88,152462.5,18573.02
Groundnut,3.2,2025-08-21,2025-12-12,6.55,Shells,2.46,313870.18,4301.58
Cotton,6.02,2026-03-27,2026-09-12,12.23,Stalks,23.95,686488.48,55219.17
Paddy,13.52,2025-02-13,2025-06-03,73.2,Straw,83.49,1594801.51,177286.83
Groundnut,6.72,2026-02-28,2026-06-09,10.23,Shells,3.98,494483.51,5523.03
Groundnut,11.2,2025-10-03,2026-02-06,27.31,Shells,10.91,1420356.42,20244.06
Millets,8.82,2025-06-11,2025-09-05,14.54,Fodder,19.93,428740.79,32274.26
Groundnut,12.71,2025-09-03,2026-01-10,23.21,Shells,8.71,1173380.92,13795.94
Groundnut,13.11,2025-04-17,2025-07-30,29.85,Shells,12.77,1397522.57,18265.53
Sugarcane,11.23,2025-06-30,2026-06-01,713.93,Bagasse,198.78,2142169.54,200217.35
Cotton,12.63,2026-02-26,2026-08-02,30.67,Stalks,64.27,1627432.36,113441.77
Sugarcane,13.99,2025-12-30,2026-11-28,861.57,Bagasse,270.16,2485553.72,248847.09
Banana,7.49,2025-12-25,2026-10-24,281.77,Leaves/Stem,146.73,3820488.36,286002.83
Sugarcane,11.05,2025-05-10,2026-03-17,915.67,Bagasse,279.74,2686957.03,298391.46
Paddy,9.24,2025-11-25,2026-03-16,46.73,Straw,54.22,1031669.93,119151.48
Groundnut,4.23,2025-10-19,2026-02-24,7.98,Shells,3.2,427408.89,5599.85
Millets,8.59,2025-11-02,2026-01-22,16.26,Fodder,23.84,429904.62,53036.76
Millets,1.03,2025-02-13,2025-05-20,1.38,Fodder,2.24,34582.82,4598.31
Sugarcane,1.42,2025-02-20,2025-12-26,113.86,Bagasse,33.05,333122.46,30159.46
Paddy,6.72,2026-03-16,2026-07-31,28.31,Straw,36.26,593357.21,79589.19
Millets,12.51,2026-03-02,2026-05-25,19.73,Fodder,27.34,496846.88,42452.02
Millets,6.05,2025-10-14,2026-01-03,8.7,Fodder,13.95,228914.76,26807.89
Sugarcane,9.44,2026-03-11,2027-01-22,660.54,Bagasse,190.85,1898812.42,180681.38
Sugarcane,6.36,2025-06-26,2026-05-02,547.32,Bagasse,166.32,1730428.43,151989.89
Paddy,4.64,2026-02-07,2026-06-14,22.79,Straw,27.25,524878.91,62182.28
Paddy,1.89,2025-02-03,2025-06-13,7.99,Straw,8.96,177292.5,19394.81
Millets,4.12,2025-10-12,2025-12-28,7.63,Fodder,11.58,210387.41,18523.13
Banana,11.28,2025-03-23,2026-01-29,540.42,Leaves/Stem,280.74,5432710.19,476428.43
Sugarcane,8.85,2025-01-16,2025-12-04,685.45,Bagasse,216.59,2114264.75,249497.62
Cotton,3.28,2025-11-04,2026-04-15,5.81,Stalks,11.19,339592.81,22115.05
Groundnut,10.31,2025-09-12,2026-01-04,17.36,Shells,7.3,863513.82,8948.26
Sugarcane,14.19,2025-05-31,2026-05-05,939.1,Bagasse,307.2,2854212.3,366895.55
Cotton,5.11,2025-10-27,2026-04-06,9.62,Stalks,18.48,484597.59,37059.15
Cotton,13.74,2025-07-01,2025-12-25,32.01,Stalks,59.33,1899919.78,133576.95
Sugarcane,7.58,2025-02-27,2026-02-03,552.27,Bagasse,169.94,1629532.8,178604.76
Cotton,13.98,2025-03-15,2025-08-22,32.13,Stalks,67.33,1626997.19,127066.73
Banana,3.45,2025-01-04,2025-11-30,154.01,Leaves/Stem,80.36,2292144.41,135695.97
Groundnut,9.62,2025-01-09,2025-05-17,22.61,Shells,9.48,1140125.83,15676.0
Sugarcane,11.46,2025-09-17,2026-08-23,733.44,Bagasse,208.7,2203389.75,244121.36
Groundnut,4.85,2025-08-22,2025-11-30,8.09,Shells,3.14,396408.63,3320.21
Banana,8.87,2025-09-03,2026-08-07,312.67,Leaves/Stem,151.3,4370595.42,232811.59
Banana,6.46,2025-07-18,2026-06-05,226.81,Leaves/Stem,117.75,3018095.67,178885.85
Banana,7.96,2026-03-15,2027-02-01,334.35,Leaves/Stem,162.48,4239817.77,301998.55
Banana,7.12,2026-03-24,2027-02-16,290.43,Leaves/Stem,158.77,3916689.98,244761.66
Paddy,14.95,2025-05-04,2025-09-07,63.12,Straw,68.63,1445921.88,197243.56
Sugarcane,12.48,2026-03-13,2027-01-29,1112.66,Bagasse,334.64,3342000.93,330544.92
Cotton,9.94,2025-02-14,2025-07-31,16.66,Stalks,33.41,952182.48,82631.65
Groundnut,3.8,2026-03-04,2026-07-02,6.96,Shells,3.03,337074.66,6024.02
Sugarcane,5.27,2025-08-19,2026-06-24,356.48,Bagasse,103.78,1174220.42,104674.62
Paddy,10.95,2025-08-19,2025-12-20,47.84,Straw,52.12,960980.59,144606.19
Paddy,3.24,2025-11-04,2026-03-22,19.02,Straw,22.63,402482.61,57976.59
Cotton,11.55,2025-04-07,2025-10-03,22.32,Stalks,44.96,1222462.69,84938.82
Millets,13.68,2025-03-12,2025-06-15,26.61,Fodder,36.38,789119.37,56407.46
Millets,4.54,2025-06-05,2025-08-23,5.19,Fodder,7.91,137082.18,14071.96
Paddy,14.98,2026-01-22,2026-05-21,77.25,Straw,84.96,1592746.94,207265.27
Millets,1.43,2026-04-13,2026-07-16,1.59,Fodder,2.56,43504.2,5664.98
Millets,5.36,2026-04-06,2026-07-06,10.24,Fodder,13.84,297507.0,33885.43
Millets,2.84,2025-02-11,2025-05-16,5.08,Fodder,6.89,140567.15,15077.65
Banana,11.13,2026-02-27,2027-01-10,437.55,Leaves/Stem,220.45,5542278.59,375387.25
Cotton,1.31,2026-02-13,2026-07-17,2.04,Stalks,4.36,103204.62,7724.46
Millets,4.78,2026-03-02,2026-06-09,7.97,Fodder,11.08,233196.06,25674.48
Paddy,13.49,2025-10-15,2026-03-01,60.43,Straw,65.73,1289780.09,165236.45
Banana,5.46,2025-03-17,2026-01-30,210.62,Leaves/Stem,99.5,2637492.03,162227.25
Banana,3.19,2025-04-13,2026-02-28,132.97,Leaves/Stem,72.69,1709461.78,140416.42
Paddy,8.75,2026-03-04,2026-06-29,45.2,Straw,56.61,971265.48,118453.57
Millets,4.31,2026-01-28,2026-04-21,5.36,Fodder,8.79,159678.1,15361.68
Groundnut,10.51,2025-06-16,2025-10-13,19.16,Shells,8.26,892977.4,9689.18
Groundnut,3.84,2025-11-07,2026-02-18,8.92,Shells,3.31,468058.94,3468.59
Sugarcane,5.15,2025-06-27,2026-06-03,356.81,Bagasse,117.21,1101750.56,114617.91
Millets,9.79,2025-01-17,2025-04-05,13.76,Fodder,18.59,402476.32,34965.75
Sugarcane,1.43,2026-05-01,2027-04-10,117.53,Bagasse,33.22,398325.08,26979.34
Sugarcane,6.55,2026-02-20,2026-12-19,419.29,Bagasse,137.19,1195339.57,120677.45
Paddy,9.49,2026-01-11,2026-05-02,40.34,Straw,46.37,845324.99,102641.98
Cotton,10.97,2026-01-28,2026-07-23,22.04,Stalks,40.9,1292916.44,96997.86
Banana,12.1,2025-12-23,2026-11-27,553.56,Leaves/Stem,268.96,6276796.01,461566.43
Cotton,12.95,2025-11-30,2026-05-11,24.08,Stalks,49.96,1279330.47,77982.84
Paddy,14.9,2025-03-18,2025-07-25,66.33,Straw,74.44,1556428.91,181945.05
Banana,12.27,2025-08-15,2026-06-22,563.26,Leaves/Stem,292.5,8413325.83,471679.8
Cotton,8.75,2025-01-13,2025-07-05,17.13,Stalks,33.55,930366.36,69424.95
Banana,7.38,2025-01-05,2025-11-26,322.43,Leaves/Stem,173.76,4142105.03,315524.04
Sugarcane,6.95,2025-01-31,2026-01-06,442.98,Bagasse,136.95,1256691.66,134001.22
Groundnut,2.43,2025-05-25,2025-09-14,5.75,Shells,2.4,264857.3,4262.11
Sugarcane,13.55,2025-12-06,2026-11-07,1123.88,Bagasse,321.35,3781565.68,289447.24
Sugarcane,9.76,2026-01-08,2026-12-10,712.97,Bagasse,205.02,2268527.64,174957.21
Groundnut,12.03,2025-08-13,2025-12-06,19.3,Shells,7.17,1037785.62,10957.12
Paddy,4.37,2025-11-21,2026-04-02,21.29,Straw,23.65,489014.16,62509.42
Millets,2.13,2026-02-15,2026-05-07,2.42,Fodder,3.46,65159.2,8452.72
Sugarcane,14.56,2025-08-12,2026-07-03,1095.06,Bagasse,333.26,3780852.01,381010.4
Sugarcane,5.44,2025-09-17,2026-07-16,455.18,Bagasse,139.36,1482955.65,167131.66
Banana,11.02,2025-01-21,2025-12-25,546.77,Leaves/Stem,299.39,5646156.86,572110.24
Sugarcane,13.25,2026-03-23,2027-02-20,1053.45,Bagasse,346.53,3622048.69,338092.78
Banana,3.58,2026-01-21,2026-12-04,128.75,Leaves/Stem,65.57,1818616.49,126495.36
Sugarcane,7.3,2025-07-08,2026-06-03,578.4,Bagasse,166.98,1832210.86,137995.97
Millets,13.75,2026-01-22,2026-04-16,22.85,Fodder,36.45,656885.58,80173.02
Groundnut,1.33,2025-09-18,2026-01-25,2.88,Shells,1.06,129943.24,1208.07
Cotton,7.01,2025-11-07,2026-04-16,11.05,Stalks,22.85,643249.17,39865.37
Banana,2.49,2025-08-05,2026-06-11,100.29,Leaves/Stem,49.6,1339704.02,82680.78
Banana,9.65,2025-12-07,2026-10-22,412.15,Leaves/Stem,210.43,5423647.04,371098.58
Paddy,1.82,2025-06-03,2025-09-30,9.4,Straw,10.57,195077.53,23087.51
Millets,14.24,2026-03-01,2026-05-22,16.02,Fodder,24.15,409270.23,41123.91
Cotton,5.24,2025-03-14,2025-09-04,10.98,Stalks,20.97,551921.6,46872.74
Banana,12.66,2025-11-24,2026-10-12,573.55,Leaves/Stem,309.32,7712575.99,507872.19
Sugarcane,2.38,2025-01-25,2025-12-17,211.54,Bagasse,65.09,619573.36,54822.71
Banana,9.23,2025-11-10,2026-09-11,430.61,Leaves/Stem,196.82,5727948.93,374862.86
Millets,11.34,2025-04-13,2025-07-20,14.58,Fodder,22.48,387402.41,55255.19
Groundnut,14.33,2025-04-15,2025-08-07,32.8,Shells,13.84,1547415.08,22437.78
Cotton,13.77,2026-03-25,2026-09-14,22.64,Stalks,47.63,1245340.26,114873.32
Banana,9.87,2026-03-14,2027-01-22,368.66,Leaves/Stem,191.09,4780938.86,358754.99
Banana,13.72,2025-11-21,2026-10-21,514.24,Leaves/Stem,231.53,7672283.23,452194.01
Sugarcane,8.69,2025-11-11,2026-10-15,760.02,Bagasse,217.32,2604642.51,182850.88
Sugarcane,13.65,2026-03-31,2027-02-25,1215.53,Bagasse,361.22,4208165.56,386768.37
Paddy,7.3,2025-02-04,2025-06-09,41.15,Straw,47.76,917576.23,120106.1
Banana,12.04,2025-05-08,2026-03-25,503.1,Leaves/Stem,263.3,7144067.37,466696.92
Groundnut,13.89,2025-06-30,2025-10-25,25.75,Shells,10.62,1297098.49,17811.06
Groundnut,9.62,2025-02-08,2025-06-16,14.81,Shells,5.87,798403.23,9212.95
Paddy,6.66,2025-02-18,2025-06-12,29.08,Straw,31.45,635923.52,84463.75
Sugarcane,10.46,2026-05-10,2027-04-25,878.19,Bagasse,242.75,2938853.63,282580.04
Groundnut,9.64,2026-01-26,2026-05-19,18.68,Shells,7.19,982965.81,13921.11
Sugarcane,14.14,2025-03-10,2026-02-17,949.92,Bagasse,292.05,2975010.17,335937.54
Millets,13.73,2026-01-16,2026-04-18,23.63,Fodder,33.72,675745.71,51528.26
Cotton,4.84,2025-08-30,2026-02-20,7.72,Stalks,16.67,458214.8,41338.32
Sugarcane,9.14,2025-11-16,2026-10-26,707.33,Bagasse,229.71,2068336.16,184415.13
Paddy,3.57,2025-07-15,2025-11-24,19.01,Straw,24.94,449838.52,62421.72
Groundnut,9.64,2025-03-10,2025-06-30,23.76,Shells,8.86,1140342.93,9747.37
Groundnut,11.84,2026-04-19,2026-08-21,20.85,Shells,7.66,1021531.63,10869.0
Groundnut,6.53,2025-05-21,2025-09-04,16.23,Shells,6.91,776033.77,7394.17
Paddy,10.04,2025-01-31,2025-06-01,55.95,Straw,63.7,1187459.26,158175.68
Sugarcane,10.77,2025-09-13,2026-09-03,702.41,Bagasse,204.87,2280101.19,169689.45
Millets,8.94,2025-11-19,2026-02-14,9.25,Fodder,14.25,270975.62,26287.97
Groundnut,9.13,2025-10-25,2026-02-13,17.45,Shells,7.13,895188.26,10105.94
Cotton,9.59,2026-03-12,2026-08-22,20.56,Stalks,39.29,1120453.59,72500.44
Cotton,5.14,2025-09-21,2026-02-19,8.55,Stalks,18.67,500310.21,44131.95
Cotton,5.48,2026-01-19,2026-06-25,12.0,Stalks,26.14,675854.41,50588.55
Banana,8.01,2025-06-19,2026-05-13,331.14,Leaves/Stem,172.79,4044367.96,322445.08
Sugarcane,3.08,2025-03-13,2026-01-11,225.47,Bagasse,61.81,722575.63,64223.86
Cotton,0.92,2025-04-17,2025-10-06,1.43,Stalks,2.98,72296.91,7186.95
Cotton,14.94,2025-06-03,2025-11-15,29.67,Stalks,60.12,1755501.51,138325.18
Millets,0.51,2025-05-26,2025-08-17,0.76,Fodder,1.07,20762.96,1868.03
Millets,12.56,2025-09-03,2025-11-22,18.67,Fodder,30.44,526221.97,73015.44
Sugarcane,13.98,2025-08-01,2026-06-06,1165.09,Bagasse,329.99,3396465.99,317626.23
Cotton,14.04,2025-07-05,2025-12-03,22.82,Stalks,44.56,1147441.8,104946.17
Paddy,10.87,2025-07-29,2025-11-22,50.14,Straw,65.73,1196237.76,150484.65
Groundnut,11.76,2025-04-01,2025-08-06,24.87,Shells,10.73,1138704.46,14280.72
Cotton,6.4,2025-01-24,2025-06-25,13.01,Stalks,28.6,754649.75,67085.36
Millets,1.1,2025-12-17,2026-03-11,2.12,Fodder,3.09,54098.55,6805.43
Banana,5.41,2025-08-03,2026-05-31,244.55,Leaves/Stem,130.23,2624765.3,205741.67
Millets,11.26,2025-10-31,2026-01-14,12.63,Fodder,19.45,372523.36,41306.82
Cotton,12.26,2026-02-09,2026-08-04,30.0,Stalks,58.88,1731550.81,116810.69
Cotton,10.25,2026-01-14,2026-06-20,18.88,Stalks,35.61,1097628.5,61146.05
Millets,12.17,2025-06-07,2025-08-25,15.69,Fodder,25.66,396161.53,42336.67
Paddy,4.47,2025-06-23,2025-10-15,26.67,Straw,32.24,587020.58,72790.78
Paddy,0.71,2025-01-02,2025-04-28,3.69,Straw,4.29,87870.95,12454.69
Groundnut,7.74,2025-02-07,2025-06-06,16.91,Shells,6.77,890336.67,10055.42
Paddy,12.38,2025-01-01,2025-05-09,70.81,Straw,80.1,1588347.16,166911.66
Banana,8.02,2025-09-18,2026-08-17,356.11,Leaves/Stem,169.27,4992116.38,323121.37
Cotton,14.05,2025-03-10,2025-08-30,31.4,Stalks,67.4,1733557.0,146208.51
Sugarcane,4.28,2025-07-24,2026-06-27,380.46,Bagasse,123.67,1268909.35,102847.73
Groundnut,2.37,2026-05-13,2026-09-12,3.79,Shells,1.55,184044.95,2772.82
Groundnut,1.9,2025-11-21,2026-03-22,3.46,Shells,1.46,183457.82,2022.25
Groundnut,9.11,2025-03-01,2025-07-01,17.56,Shells,6.55,913181.09,11520.59
Millets,8.93,2025-10-16,2026-01-23,10.64,Fodder,15.88,285231.12,29516.59
Cotton,6.22,2025-10-02,2026-03-21,12.4,Stalks,24.66,680798.75,57871.72
Sugarcane,9.02,2026-02-20,2027-02-15,737.67,Bagasse,239.79,2534518.34,249820.33
Sugarcane,5.34,2025-07-15,2026-05-21,369.28,Bagasse,103.45,1153066.07,95467.29
Banana,8.39,2026-02-28,2027-01-05,331.22,Leaves/Stem,171.32,3856659.65,280803.09
Paddy,7.71,2025-10-10,2026-02-16,42.11,Straw,46.25,954049.72,103487.15
Groundnut,11.75,2026-04-26,2026-08-26,24.25,Shells,9.13,1271183.88,9607.31
Sugarcane,12.37,2025-07-01,2026-06-11,1046.84,Bagasse,309.59,3069638.42,282568.66
Paddy,8.03,2026-02-24,2026-07-09,35.27,Straw,46.08,843163.16,109498.03
Groundnut,8.4,2026-02-06,2026-05-21,18.5,Shells,7.64,1015488.18,9664.96
Sugarcane,8.16,2026-02-18,2027-02-05,516.55,Bagasse,151.35,1749045.21,173464.93
Groundnut,11.05,2026-02-07,2026-05-29,23.07,Shells,9.54,1084454.45,17936.68
Banana,1.62,2025-05-10,2026-03-25,59.19,Leaves/Stem,29.07,868078.44,52869.65
Sugarcane,8.23,2026-02-16,2026-12-20,710.07,Bagasse,225.08,2071758.93,226183.84
Millets,6.35,2026-01-28,2026-04-15,7.46,Fodder,11.58,192967.67,25763.03
Groundnut,10.36,2025-10-08,2026-02-05,23.26,Shells,10.23,1201530.31,15278.3
Groundnut,4.87,2025-11-02,2026-03-04,9.12,Shells,3.47,454992.32,4883.71
Banana,8.71,2025-05-29,2026-04-11,311.75,Leaves/Stem,159.8,3202466.34,306531.54
Sugarcane,13.34,2025-07-25,2026-06-01,868.76,Bagasse,244.87,2626411.02,254027.79
Paddy,7.74,2025-08-10,2025-12-25,36.99,Straw,42.09,742122.37,99336.59
Millets,4.22,2025-12-10,2026-02-27,4.65,Fodder,6.56,139496.49,9854.33
Millets,2.76,2025-11-17,2026-02-17,5.08,Fodder,7.18,128842.07,15819.55
Cotton,13.84,2026-04-15,2026-09-21,22.01,Stalks,47.96,1157408.45,88112.71
Sugarcane,11.94,2025-05-16,2026-05-03,860.03,Bagasse,250.31,2873349.96,280664.64
Millets,8.04,2025-03-04,2025-06-01,8.16,Fodder,12.93,218753.58,24649.99
Millets,6.0,2026-04-07,2026-07-11,6.73,Fodder,11.08,194519.95,20943.84
Millets,13.71,2025-11-19,2026-02-13,16.1,Fodder,23.56,470373.16,50517.66
Banana,6.58,2026-04-16,2027-02-16,296.02,Leaves/Stem,139.59,3287408.01,260280.28
Paddy,11.48,2025-07-29,2025-11-24,49.75,Straw,63.25,1138302.16,131948.09
Banana,13.43,2025-12-01,2026-10-12,536.07,Leaves/Stem,247.43,6402366.96,375749.88
Groundnut,10.12,2026-05-10,2026-08-31,17.36,Shells,6.42,929026.85,7425.45
Paddy,7.2,2026-03-08,2026-06-27,29.53,Straw,38.01,630872.75,110210.48
Banana,5.58,2025-07-20,2026-05-17,233.2,Leaves/Stem,124.42,3453240.48,234847.84
Millets,5.79,2025-04-21,2025-07-10,6.92,Fodder,11.06,192467.88,25019.79
Banana,6.07,2025-02-09,2026-01-06,291.46,Leaves/Stem,143.75,4323212.73,248127.96
Banana,14.48,2026-04-08,2027-02-21,658.48,Leaves/Stem,315.66,8797465.78,584311.4
Sugarcane,5.02,2025-05-19,2026-05-01,367.86,Bagasse,110.03,1230321.23,104852.57
Millets,7.81,2025-12-14,2026-03-06,10.64,Fodder,16.28,311145.87,38887.09
Millets,10.23,2026-04-09,2026-07-01,13.73,Fodder,19.34,381827.74,35093.67
Cotton,0.92,2025-09-05,2026-02-20,1.85,Stalks,3.73,99149.34,5898.9
Sugarcane,10.2,2025-08-21,2026-06-27,754.81,Bagasse,206.19,2133316.76,224102.26
Millets,4.38,2025-02-22,2025-05-21,7.64,Fodder,10.7,198255.51,20979.62
Millets,10.14,2025-10-18,2026-01-13,16.95,Fodder,26.11,492038.49,60712.24
Millets,6.5,2026-03-16,2026-05-30,8.24,Fodder,13.59,213223.77,20522.46
Banana,8.75,2025-12-28,2026-11-18,377.2,Leaves/Stem,187.02,5554302.24,343519.26
Groundnut,12.8,2026-03-04,2026-06-28,26.13,Shells,10.72,1242981.7,19304.6
Paddy,12.54,2025-05-20,2025-09-11,58.65,Straw,76.51,1387003.9,169037.25
Cotton,10.91,2025-04-19,2025-09-20,26.92,Stalks,58.04,1507663.96,117824.24
Paddy,9.86,2025-02-16,2025-06-12,53.89,Straw,64.78,1291599.26,146798.47
Sugarcane,6.69,2026-01-27,2027-01-13,551.96,Bagasse,171.99,1928244.62,156709.8
Millets,12.81,2025-05-16,2025-08-21,24.58,Fodder,36.43,681945.04,83653.69
Sugarcane,13.16,2025-05-25,2026-04-08,995.97,Bagasse,270.32,3077161.89,248613.13
Groundnut,1.19,2025-10-27,2026-03-03,2.8,Shells,1.1,131576.39,1567.27
Groundnut,11.74,2025-04-13,2025-08-08,26.97,Shells,10.29,1452993.02,11702.85
Sugarcane,4.3,2025-07-01,2026-06-27,352.19,Bagasse,103.27,1179513.88,102976.56
Groundnut,10.96,2026-05-06,2026-08-23,26.1,Shells,10.47,1376684.33,16355.66
Cotton,5.99,2025-11-10,2026-05-05,14.22,Stalks,29.62,812481.32,51906.14
Groundnut,0.97,2025-02-08,2025-05-23,1.98,Shells,0.87,98687.42,925.33
Millets,9.26,2025-08-30,2025-11-19,10.14,Fodder,13.79,278807.91,28967.37
Millets,9.42,2025-05-11,2025-07-30,15.87,Fodder,26.1,451589.25,62201.34
Banana,4.39,2025-12-06,2026-10-19,209.75,Leaves/Stem,101.87,2371640.44,201020.0
Sugarcane,7.01,2025-11-22,2026-11-18,557.28,Bagasse,175.67,1803027.3,178486.29
Groundnut,2.34,2025-10-02,2026-01-12,4.64,Shells,1.9,209266.18,2270.2
Sugarcane,7.64,2025-06-20,2026-05-24,495.91,Bagasse,142.14,1411389.0,153851.5
Paddy,6.14,2025-10-04,2026-01-26,35.51,Straw,41.86,730827.76,105667.82
Cotton,3.42,2025-08-13,2026-01-16,6.75,Stalks,12.18,343221.72,28106.88
Groundnut,8.61,2025-05-21,2025-09-20,15.92,Shells,6.91,749297.6,12950.09
Sugarcane,12.09,2025-06-08,2026-06-04,1032.0,Bagasse,323.67,3598101.87,279093.21
Groundnut,3.57,2025-07-13,2025-11-18,6.02,Shells,2.2,331013.36,2254.6
Banana,1.66,2026-01-27,2026-12-05,79.47,Leaves/Stem,37.61,840596.26,62547.42
Sugarcane,1.59,2025-04-13,2026-03-07,98.33,Bagasse,30.76,318234.05,36549.7
Paddy,14.53,2025-04-02,2025-08-19,72.5,Straw,79.8,1612149.63,199722.12
Sugarcane,11.28,2025-05-19,2026-05-18,853.39,Bagasse,260.4,2394567.03,287586.38
Millets,4.64,2026-02-05,2026-05-13,4.65,Fodder,6.67,136742.79,13964.64
Cotton,3.17,2025-12-08,2026-05-11,5.36,Stalks,11.4,274254.54,24578.42
Paddy,11.34,2025-06-16,2025-10-23,55.62,Straw,62.33,1254080.04,185417.4
Millets,13.84,2025-12-06,2026-02-26,21.71,Fodder,35.05,644993.85,78496.69
Groundnut,7.78,2025-05-30,2025-09-20,14.31,Shells,5.97,685017.81,7461.83
Paddy,7.08,2025-06-01,2025-09-21,33.76,Straw,43.38,776344.83,98573.04
Millets,0.92,2025-06-21,2025-09-14,1.46,Fodder,2.2,40853.67,4105.26
Banana,8.04,2025-08-14,2026-06-19,312.56,Leaves/Stem,166.24,4531495.81,314354.24
Banana,11.58,2025-08-25,2026-07-27,411.61,Leaves/Stem,189.42,5615376.94,303040.72
Cotton,6.63,2026-04-01,2026-09-16,11.97,Stalks,24.06,676528.61,54844.36
Paddy,12.37,2025-02-05,2025-06-20,69.47,Straw,86.58,1543865.38,233725.12
Banana,12.36,2025-10-14,2026-09-11,604.98,Leaves/Stem,329.58,6259439.2,569582.37
Cotton,1.74,2025-07-07,2025-12-05,3.93,Stalks,8.32,215937.66,19924.3
Banana,6.45,2025-04-26,2026-03-19,312.46,Leaves/Stem,162.03,4466585.31,250236.97
Sugarcane,6.85,2025-04-15,2026-02-10,460.19,Bagasse,135.79,1369449.23,126043.95
Sugarcane,11.08,2025-03-06,2026-02-02,784.13,Bagasse,249.75,2408565.8,279316.91
Cotton,11.47,2026-01-18,2026-06-28,25.74,Stalks,47.9,1320543.85,88405.54
Millets,13.16,2025-07-22,2025-10-28,24.09,Fodder,36.65,675419.97,74148.74
Millets,8.55,2025-12-02,2026-02-20,14.15,Fodder,20.09,414906.51,36350.21
Cotton,8.18,2025-02-23,2025-07-29,14.7,Stalks,30.47,765545.2,70048.96
Sugarcane,3.66,2026-03-07,2027-02-11,307.79,Bagasse,93.48,1021437.51,99532.28
Cotton,12.23,2025-05-10,2025-10-23,25.33,Stalks,53.15,1362489.53,95817.1
Sugarcane,12.84,2025-05-09,2026-04-26,864.6,Bagasse,245.23,2626193.22,245053.31
Millets,3.66,2025-12-28,2026-03-23,3.71,Fodder,5.18,105834.36,9032.05
Cotton,9.07,2026-01-06,2026-06-09,21.67,Stalks,45.47,1091118.52,94353.45
Millets,5.39,2026-03-21,2026-06-04,10.01,Fodder,14.94,250455.52,22574.54
Sugarcane,5.5,2025-05-12,2026-04-13,422.92,Bagasse,138.14,1185309.93,123669.83
Sugarcane,2.57,2025-02-27,2026-01-20,203.49,Bagasse,65.36,674805.62,75352.39
Paddy,1.57,2025-09-28,2026-01-18,7.56,Straw,8.69,168070.27,20024.43
Groundnut,7.02,2025-04-15,2025-07-29,14.55,Shells,6.4,696486.19,8194.91
Banana,9.23,2025-10-20,2026-09-15,457.7,Leaves/Stem,230.87,5858092.51,406344.52
Cotton,13.28,2025-06-03,2025-11-03,21.42,Stalks,46.01,1207253.83,76594.27
Banana,4.67,2026-03-02,2027-02-01,195.21,Leaves/Stem,107.16,2005533.84,179761.72
Cotton,7.8,2026-01-23,2026-07-19,17.39,Stalks,37.39,1032743.29,86187.44
Paddy,8.48,2025-11-13,2026-03-12,39.07,Straw,45.93,830927.17,113327.1
Paddy,4.19,2025-01-23,2025-05-28,18.33,Straw,20.45,373835.6,52757.02
Groundnut,3.68,2025-04-09,2025-08-15,7.11,Shells,3.01,372526.65,4293.22
Cotton,8.69,2026-03-10,2026-08-11,13.9,Stalks,25.32,787647.09,58426.82
Sugarcane,2.4,2025-05-12,2026-04-30,211.37,Bagasse,64.65,711598.08,72411.95
Sugarcane,14.64,2025-12-16,2026-11-02,972.95,Bagasse,310.05,2858595.08,274522.92
Groundnut,14.45,2025-03-13,2025-07-06,34.0,Shells,13.29,1639886.04,25718.26
Cotton,2.77,2026-05-10,2026-10-12,5.87,Stalks,10.94,350322.9,26417.36
Paddy,10.93,2025-12-20,2026-05-04,54.97,Straw,63.73,1283538.7,147207.74
Cotton,9.19,2025-11-30,2026-05-02,15.87,Stalks,34.48,937664.68,78658.9
Paddy,2.06,2026-04-22,2026-08-20,11.27,Straw,14.85,253761.94,35198.85
Millets,13.16,2025-06-08,2025-08-31,20.17,Fodder,29.07,543867.82,48827.46
Paddy,14.39,2026-02-23,2026-06-21,59.95,Straw,73.67,1280585.47,210396.01
Paddy,7.44,2025-08-18,2025-12-27,41.2,Straw,47.12,950440.06,103941.41
Groundnut,7.25,2025-05-18,2025-09-09,17.63,Shells,6.64,856504.02,7632.01
Sugarcane,10.06,2025-06-18,2026-05-12,884.28,Bagasse,259.11,2780367.82,300177.51
Sugarcane,2.17,2025-07-05,2026-05-30,161.55,Bagasse,50.22,549462.1,52808.8
Banana,4.31,2025-12-08,2026-10-20,168.57,Leaves/Stem,89.36,2003605.14,174401.05
Groundnut,14.68,2025-05-19,2025-09-15,25.18,Shells,9.65,1176600.29,13310.88
Banana,8.2,2025-12-24,2026-11-18,401.93,Leaves/Stem,182.82,4441881.52,325957.88
Groundnut,8.47,2026-01-16,2026-05-04,15.94,Shells,6.1,832384.11,11357.44
Sugarcane,1.86,2026-04-21,2027-04-13,118.78,Bagasse,38.82,372092.56,35982.4
Cotton,6.05,2026-01-17,2026-07-07,10.92,Stalks,22.25,604715.04,33479.85
Paddy,11.57,2025-06-07,2025-10-24,51.57,Straw,66.62,1035550.71,183386.68
Banana,6.98,2025-01-03,2025-11-10,337.23,Leaves/Stem,173.38,4069766.78,285453.95
Millets,14.36,2025-11-03,2026-02-07,20.1,Fodder,32.89,567032.08,59141.17
Millets,10.52,2025-04-04,2025-06-18,19.47,Fodder,28.7,497690.78,45220.59
Millets,9.82,2025-09-06,2025-12-11,12.69,Fodder,17.77,341297.92,32938.03
Paddy,10.25,2025-05-30,2025-10-06,55.78,Straw,64.96,1188270.68,160618.53
Cotton,6.73,2025-12-11,2026-05-17,11.15,Stalks,20.21,663079.67,35179.8
Millets,10.56,2025-11-06,2026-02-02,20.02,Fodder,29.46,546108.12,64981.66
Paddy,1.06,2025-10-10,2026-02-07,6.0,Straw,7.58,128415.42,18016.22
Banana,12.62,2026-01-10,2026-11-17,569.65,Leaves/Stem,270.51,5740642.87,428320.7
Sugarcane,3.28,2025-10-06,2026-08-17,220.55,Bagasse,60.59,672563.55,66592.09
Millets,11.23,2026-02-06,2026-05-10,20.13,Fodder,30.82,552904.83,47464.93
Millets,9.44,2025-06-01,2025-08-18,9.53,Fodder,15.18,250610.4,32426.51
Cotton,6.96,2025-05-20,2025-11-15,12.28,Stalks,24.31,680028.59,52597.72
Groundnut,9.07,2025-01-11,2025-04-29,14.97,Shells,6.51,730993.9,11259.18
Paddy,12.03,2025-07-28,2025-12-09,58.89,Straw,75.32,1249099.11,185870.83
Paddy,7.61,2026-03-10,2026-07-13,42.66,Straw,48.6,1006709.88,141466.06
Sugarcane,4.61,2026-04-09,2027-02-16,364.25,Bagasse,108.18,1106034.9,103337.81
Sugarcane,2.75,2025-12-21,2026-11-08,216.41,Bagasse,59.4,682250.75,51859.17
Paddy,8.57,2025-12-03,2026-03-29,40.03,Straw,50.58,869894.67,125650.05
Groundnut,0.98,2025-08-25,2025-12-26,1.98,Shells,0.76,89851.92,1515.89
Paddy,13.89,2025-01-28,2025-05-18,59.09,Straw,68.88,1321839.28,195314.18
Sugarcane,9.99,2025-08-19,2026-08-06,898.57,Bagasse,296.32,2636267.22,274124.58
Sugarcane,10.13,2025-01-10,2025-12-14,827.82,Bagasse,234.04,2378797.3,251677.38
Cotton,8.0,2025-02-25,2025-08-05,18.43,Stalks,33.66,1049141.17,69740.07
Cotton,2.28,2025-10-27,2026-04-16,5.43,Stalks,10.66,297672.32,16741.11
Paddy,7.44,2026-05-13,2026-09-10,40.95,Straw,53.19,909765.87,134418.96
Millets,11.21,2025-11-09,2026-02-04,18.23,Fodder,28.27,467260.74,69142.1
Paddy,7.34,2025-12-17,2026-04-25,30.04,Straw,36.94,676031.95,106800.96
Millets,6.92,2025-12-19,2026-03-23,11.46,Fodder,16.29,302574.24,37800.44
Millets,7.87,2026-01-17,2026-04-16,13.62,Fodder,19.56,390694.03,30711.18
Sugarcane,9.62,2026-03-11,2027-02-26,825.32,Bagasse,245.53,2462500.07,220168.18
Cotton,12.36,2025-02-20,2025-08-07,28.52,Stalks,55.4,1454790.28,136388.61
Millets,11.67,2026-05-07,2026-07-24,17.52,Fodder,24.88,473877.54,56728.49
Cotton,7.54,2026-02-13,2026-07-15,15.78,Stalks,30.8,868205.43,64836.19
Banana,2.14,2025-05-26,2026-03-22,80.56,Leaves/Stem,42.8,1023821.06,67005.11
Banana,7.25,2025-02-07,2025-12-22,293.88,Leaves/Stem,136.23,3700536.41,212015.38
Paddy,4.75,2025-09-18,2026-01-28,23.17,Straw,29.25,502356.49,86098.93
Sugarcane,2.98,2025-02-17,2026-01-22,255.17,Bagasse,80.86,732965.38,68162.21
Paddy,14.1,2026-04-20,2026-08-22,83.08,Straw,94.61,1705321.78,217818.4
Millets,4.2,2025-08-09,2025-10-31,6.49,Fodder,9.87,173385.99,20347.84
Paddy,6.91,2025-05-04,2025-08-31,35.16,Straw,40.83,769783.89,106695.75
Millets,10.1,2026-02-03,2026-04-20,18.38,Fodder,29.81,470505.94,60571.92
Banana,12.47,2025-08-10,2026-07-02,526.25,Leaves/Stem,264.99,5707509.79,440207.99
Paddy,13.76,2025-11-02,2026-03-05,79.92,Straw,92.46,1774971.42,189589.92
Sugarcane,10.95,2025-05-21,2026-03-25,741.19,Bagasse,208.59,2422925.98,166905.5
Millets,1.65,2025-12-13,2026-03-15,2.39,Fodder,3.55,70452.95,5772.84
Sugarcane,2.64,2026-03-02,2027-02-12,164.08,Bagasse,50.8,508994.05,56156.41
Paddy,9.29,2025-02-07,2025-06-21,38.16,Straw,42.5,858225.94,93832.51
Millets,12.92,2025-02-17,2025-05-10,25.19,Fodder,38.2,672701.49,94043.24
Millets,2.04,2025-10-08,2025-12-22,2.37,Fodder,3.9,61128.46,7751.12
Cotton,14.51,2025-11-25,2026-05-17,30.91,Stalks,59.26,1660961.31,128592.42
Groundnut,13.75,2025-05-11,2025-08-29,24.72,Shells,10.46,1120115.99,20573.41
Paddy,4.9,2025-09-04,2026-01-11,20.25,Straw,26.68,408182.65,70832.92
Paddy,5.15,2025-07-20,2025-11-28,23.0,Straw,28.19,497045.75,62239.11
Banana,3.31,2025-03-15,2026-02-08,125.24,Leaves/Stem,63.54,1387185.68,122683.82
Cotton,1.32,2025-11-13,2026-04-25,3.29,Stalks,6.95,194833.39,11780.63
Paddy,8.24,2025-04-22,2025-08-29,39.49,Straw,49.23,867093.42,123694.13
Millets,2.28,2026-05-01,2026-08-05,3.82,Fodder,6.05,106132.63,12981.84
Banana,7.7,2025-12-02,2026-10-18,288.95,Leaves/Stem,152.0,4312476.33,299878.88
Millets,10.74,2025-03-04,2025-06-10,13.64,Fodder,21.09,367603.87,35738.02
Millets,2.74,2025-05-17,2025-08-12,4.15,Fodder,5.73,118152.0,11569.8
Banana,6.63,2025-07-24,2026-06-05,239.88,Leaves/Stem,120.6,2881900.97,216405.26
Paddy,10.42,2025-02-23,2025-06-20,57.89,Straw,74.21,1292050.72,194351.18
Paddy,13.48,2025-01-11,2025-05-01,63.32,Straw,79.35,1286685.07,173234.5
Millets,8.28,2026-04-21,2026-07-25,8.79,Fodder,12.3,259086.74,26888.1
Paddy,4.87,2025-12-03,2026-04-03,25.06,Straw,29.5,537648.41,65396.02
Groundnut,7.69,2025-08-04,2025-12-04,12.08,Shells,4.44,596000.42,6019.72
Paddy,12.46,2025-01-21,2025-05-30,63.38,Straw,73.09,1313692.08,152459.19
Sugarcane,9.44,2026-04-08,2027-03-01,684.15,Bagasse,203.98,2091717.44,171393.79
Banana,1.3,2026-05-05,2027-03-23,51.08,Leaves/Stem,25.34,560206.42,40675.41
Groundnut,12.72,2025-03-08,2025-06-20,30.03,Shells,10.82,1361912.94,20685.91
Sugarcane,1.59,2025-09-27,2026-08-25,111.6,Bagasse,34.87,356026.02,31466.98
Cotton,12.59,2025-08-11,2026-01-28,30.12,Stalks,59.74,1709905.4,119315.17
Cotton,14.98,2025-11-12,2026-04-13,28.53,Stalks,53.92,1499849.51,106732.21
Millets,9.36,2026-01-14,2026-04-12,17.8,Fodder,27.01,522294.38,63052.93
Banana,9.41,2026-02-21,2027-01-19,444.8,Leaves/Stem,201.87,6384652.91,354559.41
Millets,10.63,2025-02-21,2025-05-16,12.12,Fodder,18.34,303485.29,29254.02
Groundnut,2.5,2026-02-16,2026-06-14,4.99,Shells,1.96,258415.14,2784.96
Cotton,14.39,2025-03-02,2025-08-26,35.02,Stalks,75.07,1993822.34,125386.35
Groundnut,12.99,2025-11-08,2026-03-08,20.43,Shells,8.74,962835.27,14584.9
Groundnut,7.84,2026-03-29,2026-07-07,13.93,Shells,5.9,658225.92,9920.61
Millets,13.31,2025-06-10,2025-08-24,15.78,Fodder,22.37,433464.7,55066.04
Sugarcane,9.34,2025-03-03,2026-01-27,640.33,Bagasse,182.08,2145670.95,149770.4
Banana,10.96,2025-04-16,2026-02-25,503.38,Leaves/Stem,244.38,6575865.23,438097.02
Paddy,9.79,2025-07-18,2025-11-20,40.82,Straw,45.25,853069.81,113133.96
Cotton,11.94,2026-04-13,2026-09-17,22.74,Stalks,44.51,1180631.96,69489.75
Millets,6.56,2025-08-21,2025-11-13,12.87,Fodder,19.15,337092.79,46760.79
Groundnut,10.71,2025-11-03,2026-02-28,20.44,Shells,8.44,1014816.32,13762.17
Cotton,10.3,2026-02-15,2026-07-27,17.85,Stalks,36.23,1039144.1,55380.12
Cotton,2.14,2025-10-16,2026-04-06,4.05,Stalks,7.84,236205.68,13914.41
Groundnut,1.05,2025-01-19,2025-05-18,2.14,Shells,0.8,112271.12,806.68
Millets,3.74,2025-12-14,2026-03-09,7.17,Fodder,11.2,203333.29,21216.62
Paddy,10.3,2025-10-10,2026-02-13,51.28,Straw,60.1,1071153.5,169760.04
Paddy,1.58,2025-01-06,2025-05-04,8.97,Straw,11.25,211504.06,23822.52
Banana,12.25,2025-05-16,2026-03-14,471.25,Leaves/Stem,246.69,5430155.71,391748.61
Sugarcane,8.91,2025-02-02,2025-12-16,759.3,Bagasse,243.63,2536137.03,280747.66
Paddy,3.56,2025-08-23,2025-12-31,15.51,Straw,20.11,334841.47,45152.57
Groundnut,9.76,2025-03-17,2025-07-11,23.68,Shells,10.35,1110471.27,17350.63
Groundnut,2.78,2025-08-15,2025-11-23,5.6,Shells,2.31,301822.5,3327.4
Sugarcane,2.13,2025-12-13,2026-11-22,166.35,Bagasse,48.16,580314.99,51383.85
Millets,2.02,2026-03-21,2026-06-26,3.15,Fodder,5.1,94096.0,7885.94
Cotton,2.89,2025-09-13,2026-02-26,5.82,Stalks,10.94,309600.1,22884.38
Sugarcane,2.64,2025-12-08,2026-11-15,222.74,Bagasse,70.2,741127.05,76274.42
Cotton,10.96,2025-02-10,2025-08-05,25.76,Stalks,53.85,1504854.21,96876.83
Millets,5.68,2025-03-30,2025-07-01,9.33,Fodder,14.53,273880.64,26769.11
Cotton,3.03,2025-02-16,2025-07-29,7.5,Stalks,16.46,413445.38,40068.08
Paddy,14.49,2025-03-18,2025-07-06,59.51,Straw,77.66,1316331.59,203073.37
Banana,1.86,2025-12-25,2026-11-07,85.95,Leaves/Stem,41.36,991106.32,79366.56
Sugarcane,11.21,2026-04-24,2027-03-08,969.37,Bagasse,295.6,2800307.09,291098.04
Cotton,10.5,2025-06-13,2025-11-10,18.66,Stalks,41.03,1073097.46,87997.86
Millets,10.57,2026-05-02,2026-08-04,14.17,Fodder,19.16,388223.94,29043.75
Paddy,0.98,2025-07-25,2025-12-04,4.38,Straw,5.2,88868.03,15361.48
Banana,10.58,2026-03-26,2027-02-01,378.98,Leaves/Stem,185.98,4125973.2,289165.08
Cotton,13.96,2025-02-07,2025-07-22,26.82,Stalks,55.87,1465092.88,128863.93
Millets,2.55,2026-04-01,2026-06-23,4.62,Fodder,6.36,130141.93,15356.96
Banana,11.04,2025-03-13,2026-01-20,413.31,Leaves/Stem,213.85,4408920.11,406941.34
Banana,7.22,2026-03-01,2026-12-27,271.25,Leaves/Stem,142.18,3122955.96,260358.02
Paddy,6.96,2025-06-13,2025-10-09,40.22,Straw,48.45,895302.43,129346.19
Paddy,13.28,2025-03-11,2025-07-16,58.34,Straw,71.6,1187269.79,171234.06
Groundnut,13.07,2025-07-18,2025-11-11,26.5,Shells,11.21,1415206.09,18474.43
Millets,7.31,2025-01-22,2025-04-07,9.49,Fodder,15.44,248154.31,34732.53
Cotton,12.15,2025-06-12,2025-11-21,24.52,Stalks,48.6,1233558.2,115629.33
Groundnut,4.66,2025-01-07,2025-04-30,8.85,Shells,3.79,442526.36,6363.03
Banana,8.46,2026-03-20,2027-02-15,350.53,Leaves/Stem,180.6,4779706.49,270964.73
Millets,12.91,2025-11-09,2026-02-03,15.32,Fodder,21.92,444330.86,42828.8
Sugarcane,5.07,2025-11-28,2026-10-24,413.63,Bagasse,132.89,1232562.23,107423.47
Paddy,6.52,2026-01-06,2026-05-23,32.35,Straw,38.51,693908.76,99611.75
Sugarcane,14.14,2026-03-21,2027-03-18,998.75,Bagasse,292.5,3084436.23,319126.78
Cotton,12.89,2025-03-17,2025-08-16,21.71,Stalks,42.87,1170686.15,81676.57
Groundnut,6.5,2026-01-23,2026-05-24,15.45,Shells,5.76,765649.6,9248.83
Millets,12.66,2026-01-17,2026-04-15,17.87,Fodder,25.39,511974.89,41429.98
Cotton,9.41,2025-11-03,2026-04-23,18.76,Stalks,34.66,940558.84,62499.59
Paddy,4.13,2025-03-01,2025-06-26,20.75,Straw,23.08,462392.3,55573.93
Paddy,13.29,2026-01-13,2026-05-18,53.55,Straw,65.22,1157167.26,154874.62
Groundnut,3.31,2025-05-26,2025-09-06,6.15,Shells,2.22,328361.29,2291.03
Paddy,5.27,2026-02-05,2026-05-27,30.26,Straw,32.79,657941.29,72933.93
Paddy,1.15,2025-06-15,2025-10-28,5.65,Straw,6.85,133064.68,14416.93
Millets,11.11,2025-07-26,2025-10-19,21.61,Fodder,32.3,601969.66,75114.65
Banana,12.12,2026-01-07,2026-12-07,578.51,Leaves/Stem,301.18,7203763.9,490576.39
Groundnut,6.42,2025-04-07,2025-08-03,14.65,Shells,6.16,729371.47,6435.11
Cotton,2.39,2026-02-13,2026-08-04,4.53,Stalks,9.05,266393.47,17311.85
Banana,6.77,2025-05-15,2026-03-11,298.8,Leaves/Stem,157.44,3655474.13,273380.83
Cotton,6.46,2026-04-26,2026-09-29,14.29,Stalks,26.74,725873.15,65256.22
Groundnut,9.69,2026-01-05,2026-05-11,20.63,Shells,7.58,947938.94,13099.63
Cotton,14.67,2025-03-20,2025-08-22,28.53,Stalks,52.65,1526748.42,131531.41
Sugarcane,9.89,2026-03-01,2027-02-12,636.45,Bagasse,206.38,2213682.26,246986.74
Sugarcane,14.01,2025-06-06,2026-04-03,1239.97,Bagasse,339.5,3995319.37,279358.62
Banana,12.48,2025-07-27,2026-05-24,601.52,Leaves/Stem,330.82,6749246.92,622488.71
Groundnut,5.07,2025-09-01,2025-12-16,9.98,Shells,4.07,452190.87,5188.83
Millets,9.26,2025-07-30,2025-10-17,18.36,Fodder,28.29,473838.34,68061.48
Banana,13.77,2025-02-18,2025-12-23,638.41,Leaves/Stem,334.0,8647840.27,534456.75
Cotton,11.43,2026-02-15,2026-07-22,20.69,Stalks,41.24,1101343.4,96459.17
Cotton,11.99,2025-10-12,2026-03-19,26.22,Stalks,56.77,1470570.5,116937.99
Sugarcane,4.46,2025-12-02,2026-11-17,328.52,Bagasse,106.61,943882.71,116003.11
Sugarcane,5.51,2025-09-30,2026-08-21,347.45,Bagasse,102.25,988048.18,115382.11
Sugarcane,10.56,2026-02-15,2026-12-13,899.52,Bagasse,267.06,2919558.61,237281.51
Millets,6.32,2025-07-19,2025-10-03,11.4,Fodder,16.32,326207.78,27845.14
Banana,5.38,2026-04-03,2027-02-25,224.97,Leaves/Stem,118.0,2489931.18,177629.66
Cotton,8.1,2025-11-22,2026-05-01,15.01,Stalks,30.87,787369.3,49678.46
Cotton,1.94,2025-03-23,2025-09-12,4.57,Stalks,8.86,272968.17,21970.45
Sugarcane,1.09,2025-09-28,2026-08-26,68.69,Bagasse,21.46,193830.98,24637.77
Banana,6.87,2025-03-24,2026-02-11,313.19,Leaves/Stem,169.49,4153658.46,319810.74
Banana,5.38,2025-07-15,2026-05-15,227.09,Leaves/Stem,114.72,2988248.75,186828.32
Millets,6.25,2025-01-21,2025-04-10,7.21,Fodder,9.75,188832.97,22622.7
Groundnut,8.77,2025-12-20,2026-04-09,16.79,Shells,7.03,870708.63,12887.9
Millets,8.55,2026-01-15,2026-04-14,13.11,Fodder,21.36,390117.06,39760.9
Groundnut,3.6,2025-10-19,2026-02-04,7.86,Shells,3.25,428417.66,5621.45
Sugarcane,3.83,2025-09-03,2026-07-21,272.61,Bagasse,77.37,870363.25,66058.2
Cotton,13.74,2025-03-15,2025-09-09,30.89,Stalks,57.0,1620972.68,131518.7
Groundnut,6.14,2025-03-13,2025-07-01,14.13,Shells,5.77,663904.11,8625.16
Sugarcane,9.59,2025-11-02,2026-09-11,611.49,Bagasse,193.96,1719902.55,192620.0
Groundnut,4.57,2025-06-16,2025-10-02,7.96,Shells,2.97,400374.78,3831.26
Cotton,10.35,2025-02-08,2025-07-16,15.82,Stalks,30.62,808062.39,53961.78
Paddy,13.08,2025-11-03,2026-02-22,72.68,Straw,89.11,1735861.42,211512.0
Millets,1.42,2025-11-20,2026-02-11,2.4,Fodder,3.53,70504.46,6761.69
Cotton,9.85,2025-05-14,2025-11-09,24.14,Stalks,43.67,1280318.94,105728.1
Paddy,4.0,2026-03-10,2026-07-26,17.57,Straw,22.75,358821.46,61574.01
Banana,10.82,2026-02-24,2026-12-26,443.99,Leaves/Stem,234.57,6577234.13,366709.83
Paddy,7.47,2025-06-24,2025-11-10,35.31,Straw,38.58,803025.47,93989.15
Banana,9.48,2025-01-28,2025-12-11,360.08,Leaves/Stem,170.69,4787894.29,333675.64
Paddy,3.92,2025-02-20,2025-06-20,16.0,Straw,17.64,320434.44,37977.92
Banana,3.75,2026-01-29,2026-12-06,139.65,Leaves/Stem,66.21,2050149.68,116534.9
Sugarcane,0.79,2025-11-22,2026-10-04,63.88,Bagasse,17.71,189181.51,16652.62
Cotton,4.7,2025-08-04,2026-01-16,7.36,Stalks,13.81,397985.03,33654.27
Cotton,6.39,2025-12-12,2026-05-24,12.37,Stalks,26.95,676340.75,64004.62
Groundnut,14.72,2025-03-21,2025-07-03,35.3,Shells,14.77,1718050.35,16337.47
Banana,5.04,2025-09-25,2026-08-11,231.85,Leaves/Stem,124.53,2541750.26,192873.23
Banana,5.46,2026-04-19,2027-03-19,238.74,Leaves/Stem,130.72,3296353.41,223752.56
Groundnut,3.44,2025-05-29,2025-09-12,7.9,Shells,3.22,363156.47,4984.63
Banana,13.68,2026-03-22,2027-01-19,488.89,Leaves/Stem,220.26,5690849.94,403118.4
Sugarcane,6.47,2025-02-23,2026-01-03,518.13,Bagasse,146.61,1665067.93,170842.05
Groundnut,11.97,2026-02-16,2026-06-23,26.53,Shells,9.98,1259433.52,19920.97
Paddy,14.72,2025-11-09,2026-03-06,82.24,Straw,90.51,1705150.31,249663.12
Groundnut,5.14,2025-03-15,2025-06-29,10.82,Shells,4.31,575155.01,4580.33
Sugarcane,2.07,2026-03-31,2027-02-22,160.77,Bagasse,48.43,533682.56,48618.6
Paddy,6.27,2025-12-19,2026-04-09,29.29,Straw,38.49,688145.77,89657.76
Sugarcane,12.05,2025-05-05,2026-04-30,729.49,Bagasse,200.22,2303200.47,237816.46
Sugarcane,11.88,2025-03-29,2026-02-28,987.7,Bagasse,316.54,3192627.86,334826.28
Sugarcane,3.51,2025-10-28,2026-09-01,264.69,Bagasse,75.28,764236.32,77875.9
Millets,3.09,2025-10-02,2025-12-31,4.38,Fodder,6.58,119940.91,11651.04
Cotton,12.97,2025-11-19,2026-05-13,31.52,Stalks,61.54,1600794.28,102887.11
Banana,2.03,2026-04-18,2027-03-07,77.32,Leaves/Stem,38.21,798329.31,73082.52
Groundnut,8.6,2025-02-09,2025-05-26,13.85,Shells,5.18,682620.08,5836.37
Sugarcane,11.89,2025-09-17,2026-07-30,878.42,Bagasse,278.55,2964759.19,284621.18
Banana,0.89,2025-08-06,2026-07-04,41.2,Leaves/Stem,21.88,418762.05,37938.38
Groundnut,6.83,2025-09-29,2026-01-17,15.94,Shells,6.36,838853.84,11660.28
Banana,4.59,2025-06-30,2026-05-24,164.21,Leaves/Stem,76.5,2309361.62,119822.1
Groundnut,0.65,2026-02-25,2026-06-25,1.43,Shells,0.59,78190.43,1099.15
Millets,1.41,2025-08-09,2025-11-11,2.38,Fodder,3.65,65903.83,7186.19
Sugarcane,2.98,2025-10-10,2026-08-29,230.25,Bagasse,68.02,727693.44,59059.79
Banana,1.47,2025-06-26,2026-05-21,63.85,Leaves/Stem,33.02,862962.73,54342.4
Groundnut,1.81,2025-05-15,2025-09-04,2.88,Shells,1.26,150211.08,2253.08
Banana,8.88,2025-06-17,2026-05-11,425.14,Leaves/Stem,231.99,5312201.19,456038.41
Cotton,12.77,2025-01-14,2025-06-19,29.79,Stalks,63.76,1615788.91,99878.33
Groundnut,6.01,2026-01-20,2026-05-03,14.91,Shells,5.79,738370.48,6563.06
Groundnut,13.37,2025-01-08,2025-04-28,30.23,Shells,11.25,1533213.84,14103.48
Sugarcane,0.67,2025-05-03,2026-04-25,46.42,Bagasse,12.86,162010.48,11875.61
Paddy,0.94,2026-03-14,2026-07-12,3.85,Straw,4.4,84656.92,10647.73
Cotton,7.03,2025-05-08,2025-10-31,15.25,Stalks,27.89,876465.66,43314.45
Groundnut,6.54,2025-07-08,2025-10-27,14.32,Shells,5.8,767361.84,6481.36
Sugarcane,10.27,2025-12-10,2026-11-23,830.27,Bagasse,246.17,2873970.76,210880.19
Paddy,3.37,2025-03-29,2025-07-17,14.85,Straw,18.69,337724.82,51563.63
Millets,12.15,2025-07-06,2025-10-09,15.22,Fodder,22.54,420085.75,40457.75
Millets,1.89,2025-10-27,2026-01-27,2.0,Fodder,2.73,59078.16,6064.03
Millets,1.74,2025-12-19,2026-03-24,2.01,Fodder,2.95,55174.54,4750.71
Groundnut,10.95,2025-06-21,2025-10-03,17.43,Shells,6.99,824714.92,8256.71
Groundnut,12.09,2026-04-10,2026-07-26,29.51,Shells,12.67,1412806.02,16890.21
Cotton,2.52,2026-03-25,2026-08-30,5.97,Stalks,12.07,334840.76,29293.75
Millets,2.72,2025-07-06,2025-09-24,2.72,Fodder,4.16,80456.82,7437.81
Cotton,13.32,2025-05-19,2025-11-08,31.4,Stalks,57.13,1616634.47,109344.97
Cotton,13.89,2026-02-08,2026-07-22,32.59,Stalks,64.56,1767808.38,106960.62
Millets,2.06,2026-05-05,2026-08-03,3.5,Fodder,5.28,94354.32,11203.71
Paddy,13.69,2025-09-02,2025-12-23,70.01,Straw,88.84,1551795.56,206454.88
Cotton,4.64,2025-02-22,2025-08-10,10.37,Stalks,21.41,603218.51,34846.41
Banana,9.13,2025-10-19,2026-09-21,431.28,Leaves/Stem,228.69,6136485.99,356243.89
Cotton,1.82,2026-01-17,2026-07-02,3.48,Stalks,6.83,197648.4,10703.25
Groundnut,11.69,2025-04-03,2025-07-20,19.53,Shells,8.43,1006995.33,15864.04
Banana,4.74,2026-01-08,2026-11-07,229.88,Leaves/Stem,113.75,2614209.88,192986.57
Millets,3.03,2025-09-12,2025-11-27,3.88,Fodder,6.4,102199.42,11704.33
Groundnut,5.5,2025-07-31,2025-12-05,9.73,Shells,4.1,523961.99,5008.26
Paddy,12.17,2025-11-07,2026-03-19,67.57,Straw,85.91,1496788.89,198424.78
Groundnut,0.64,2025-09-17,2026-01-18,1.54,Shells,0.65,77659.76,994.27
Paddy,5.82,2025-03-06,2025-06-26,23.3,Straw,27.94,536161.8,78882.13
Groundnut,7.57,2026-02-10,2026-06-04,11.96,Shells,4.77,556715.96,6533.2
Cotton,6.64,2025-09-15,2026-03-09,15.96,Stalks,31.25,954588.54,70594.63
Cotton,0.72,2025-09-10,2026-02-07,1.69,Stalks,3.44,101164.54,7349.31
Groundnut,9.27,2026-04-22,2026-08-24,21.9,Shells,8.38,1135899.5,14029.96
Millets,13.47,2025-06-15,2025-09-10,17.37,Fodder,27.67,503761.63,54150.85
Banana,9.26,2025-09-08,2026-07-28,383.13,Leaves/Stem,182.96,4339014.14,323490.87
Sugarcane,4.94,2025-10-31,2026-08-27,402.9,Bagasse,113.95,1183666.83,109973.52
Groundnut,7.74,2025-08-14,2025-11-23,15.02,Shells,5.98,810628.51,8340.91
Sugarcane,13.27,2025-02-04,2025-12-06,799.46,Bagasse,258.97,2759563.49,306726.24
Banana,10.75,2025-09-28,2026-08-16,416.92,Leaves/Stem,221.41,6143671.87,347163.43
Groundnut,8.42,2025-03-08,2025-06-22,14.06,Shells,5.62,716208.05,6454.02
Banana,2.59,2025-01-20,2025-11-28,122.05,Leaves/Stem,57.07,1590443.71,95219.07
Groundnut,6.54,2025-01-22,2025-05-23,11.83,Shells,4.83,594310.63,4948.24
Paddy,4.33,2025-06-05,2025-10-02,17.37,Straw,20.33,351788.39,59231.68
Groundnut,8.81,2025-12-14,2026-04-01,20.51,Shells,7.91,971610.87,9987.43
Cotton,13.64,2025-07-11,2025-12-22,29.65,Stalks,55.92,1671578.9,112180.17
Sugarcane,10.13,2025-04-27,2026-03-11,864.66,Bagasse,260.72,2839590.03,300698.77
Paddy,12.44,2025-12-10,2026-04-19,67.19,Straw,84.28,1597133.9,238697.07
Banana,6.36,2025-09-01,2026-07-21,256.56,Leaves/Stem,122.74,2791487.34,229728.34
Groundnut,6.09,2025-03-12,2025-07-03,11.52,Shells,4.22,528747.93,6712.98
Groundnut,2.82,2025-10-29,2026-03-07,4.89,Shells,2.05,221554.91,3315.8
Groundnut,2.01,2025-03-08,2025-07-10,3.22,Shells,1.32,151226.74,1651.89
Millets,12.57,2025-02-23,2025-05-18,15.25,Fodder,22.35,437645.11,42859.23
Millets,10.23,2025-12-14,2026-03-23,12.78,Fodder,19.52,323980.54,29793.33
Cotton,6.28,2026-02-05,2026-07-19,11.02,Stalks,21.0,612297.25,40139.63
Millets,2.33,2025-12-12,2026-03-01,2.87,Fodder,4.54,76614.22,7459.59
Groundnut,5.13,2025-02-22,2025-06-14,9.93,Shells,3.93,448449.55,4389.99
Cotton,2.15,2025-07-05,2025-12-06,5.3,Stalks,10.62,298260.47,19714.82
Groundnut,6.35,2025-07-13,2025-11-09,12.74,Shells,4.72,634021.45,8324.26
Millets,7.47,2025-02-19,2025-05-26,12.6,Fodder,20.19,341135.4,45788.11
Sugarcane,2.28,2025-10-28,2026-09-19,139.3,Bagasse,42.8,418736.59,35719.95
Groundnut,5.05,2025-08-28,2025-12-08,8.77,Shells,3.6,421090.53,7084.88
Millets,2.48,2025-12-02,2026-02-25,3.44,Fodder,5.2,100481.21,10833.79
Banana,6.46,2025-01-27,2025-12-30,275.67,Leaves/Stem,150.06,2814425.84,262835.22
Cotton,12.07,2025-09-02,2026-02-15,22.36,Stalks,42.92,1243176.82,64739.05
Sugarcane,0.78,2026-02-06,2026-12-07,68.63,Bagasse,21.24,213255.4,17373.31
Cotton,8.12,2025-01-13,2025-07-04,13.35,Stalks,28.94,726342.16,72192.54
Cotton,1.44,2025-08-08,2026-01-18,3.06,Stalks,6.13,178003.33,14472.98
Millets,12.45,2026-04-04,2026-07-01,22.82,Fodder,32.18,622078.19,70533.63
Sugarcane,13.8,2025-11-29,2026-11-10,868.75,Bagasse,282.35,2773154.53,243253.1
Sugarcane,13.77,2026-04-24,2027-03-02,1163.87,Bagasse,379.41,4023327.64,442264.04
Groundnut,10.5,2025-08-18,2025-12-01,23.08,Shells,8.88,1061602.43,11299.51
Sugarcane,3.03,2025-02-25,2026-01-22,208.91,Bagasse,63.91,658482.26,52454.31
Paddy,1.59,2025-11-07,2026-03-08,7.52,Straw,9.77,173878.1,26920.62
Banana,8.21,2025-03-19,2026-02-11,372.0,Leaves/Stem,171.55,3994808.16,294047.28
Millets,12.17,2025-05-08,2025-07-29,22.28,Fodder,31.04,665579.17,65304.25
Cotton,8.78,2025-08-28,2026-02-18,13.51,Stalks,27.64,787368.65,45813.32
Paddy,0.59,2025-05-22,2025-09-14,3.36,Straw,3.92,68655.41,9489.84
Sugarcane,2.06,2025-10-21,2026-10-05,163.37,Bagasse,44.97,559619.72,42978.12
Sugarcane,11.46,2025-08-16,2026-08-10,726.98,Bagasse,210.0,2447805.49,190357.3
Banana,11.83,2025-12-17,2026-10-25,457.66,Leaves/Stem,232.35,5204840.37,444264.18
Sugarcane,8.69,2025-10-20,2026-09-26,667.91,Bagasse,188.92,2029523.42,210453.53
Banana,7.03,2025-09-07,2026-07-28,327.79,Leaves/Stem,173.85,4149167.05,277010.92
Millets,1.47,2026-03-09,2026-05-26,2.35,Fodder,3.37,59685.83,6502.76
Paddy,10.56,2025-09-09,2026-01-18,56.76,Straw,66.38,1194777.07,183190.3
Sugarcane,8.52,2025-09-13,2026-07-21,689.23,Bagasse,201.64,2384616.42,227287.38
Paddy,7.15,2026-02-17,2026-06-25,38.32,Straw,46.52,862191.15,97533.31
Cotton,2.9,2025-09-30,2026-03-06,4.66,Stalks,10.13,275572.74,20516.9
Cotton,10.5,2025-07-26,2025-12-24,21.62,Stalks,43.52,1167979.32,72312.74
Cotton,8.9,2025-04-12,2025-10-02,16.62,Stalks,30.47,839688.33,53427.84
Banana,11.67,2025-01-06,2025-12-04,513.24,Leaves/Stem,245.97,6887407.13,466703.2
Groundnut,7.53,2025-03-25,2025-07-21,15.19,Shells,5.93,769267.33,6609.18
Cotton,1.1,2026-03-12,2026-09-03,1.92,Stalks,3.89,96417.39,7860.02
Sugarcane,2.06,2025-03-22,2026-02-06,169.07,Bagasse,47.8,490590.45,44287.51
Millets,6.66,2026-03-08,2026-06-02,11.08,Fodder,16.59,305665.76,32057.79
Sugarcane,7.99,2025-05-18,2026-04-30,610.55,Bagasse,166.34,1844169.81,171366.76
Paddy,5.69,2025-12-18,2026-04-12,30.85,Straw,35.51,688701.14,104549.59
Groundnut,11.19,2025-12-26,2026-04-11,26.01,Shells,9.94,1412438.37,13564.52
Sugarcane,4.36,2026-02-17,2027-01-19,275.58,Bagasse,85.32,932908.71,92775.17
Groundnut,11.57,2025-09-12,2025-12-21,19.72,Shells,7.63,980053.52,10153.95
Paddy,6.9,2026-05-08,2026-08-30,36.23,Straw,46.55,840892.48,95025.98
Groundnut,1.53,2025-11-06,2026-02-23,3.37,Shells,1.35,181039.97,1740.06
Banana,12.31,2025-05-30,2026-03-29,573.32,Leaves/Stem,287.96,6186387.49,449899.51
Millets,5.59,2025-06-01,2025-08-31,10.06,Fodder,14.89,276301.76,26289.92
Sugarcane,8.15,2025-04-13,2026-03-25,601.72,Bagasse,174.23,1885163.8,181394.86
Banana,9.84,2025-02-24,2025-12-22,403.1,Leaves/Stem,198.65,5805139.83,393416.81
Millets,14.45,2025-05-18,2025-08-16,23.14,Fodder,36.17,688483.5,63102.77
Cotton,10.5,2026-03-06,2026-08-22,18.4,Stalks,37.44,1066448.02,73946.96
Cotton,5.72,2025-12-26,2026-06-21,11.63,Stalks,23.71,585147.35,39602.08
Millets,6.46,2025-04-05,2025-06-27,6.87,Fodder,10.99,198697.77,18522.04
Sugarcane,2.45,2025-12-19,2026-11-28,169.81,Bagasse,52.53,500484.96,48711.17
Groundnut,6.33,2025-07-20,2025-11-02,13.53,Shells,5.7,658716.5,11172.07
Cotton,4.52,2026-01-14,2026-06-23,8.36,Stalks,15.49,440228.84,30026.43
Groundnut,11.67,2025-09-30,2026-01-12,24.52,Shells,9.9,1248144.79,19153.05
Cotton,0.58,2025-07-12,2025-12-17,1.11,Stalks,2.05,63005.17,4514.3
Millets,14.88,2025-01-13,2025-04-02,19.51,Fodder,32.1,568888.01,63230.55
Groundnut,12.73,2026-01-12,2026-05-21,21.72,Shells,9.26,1094204.19,10677.17
Millets,8.77,2025-12-17,2026-03-16,12.65,Fodder,19.35,346378.4,47075.57
Cotton,2.85,2025-03-08,2025-09-03,6.92,Stalks,13.5,362717.68,27740.7
Paddy,1.43,2025-12-21,2026-04-28,5.79,Straw,6.71,128233.87,19531.43
Millets,2.35,2025-07-09,2025-10-01,3.73,Fodder,5.63,98217.94,13508.92
Banana,7.77,2025-01-11,2025-11-12,324.21,Leaves/Stem,154.2,3437177.87,238897.22
Groundnut,13.96,2025-06-25,2025-10-05,31.19,Shells,12.14,1409438.95,13360.44
Groundnut,2.33,2025-08-24,2025-12-17,3.53,Shells,1.51,176976.48,1720.13
Millets,13.77,2026-03-20,2026-06-16,17.47,Fodder,26.39,509478.4,50189.55
Groundnut,3.64,2025-01-30,2025-05-28,8.22,Shells,3.19,451238.54,4027.61
Groundnut,7.08,2025-01-15,2025-05-21,15.49,Shells,6.36,822630.63,6644.62
Banana,8.72,2025-11-21,2026-09-30,333.93,Leaves/Stem,172.89,4605576.99,278777.0
Millets,10.93,2025-04-15,2025-07-02,14.1,Fodder,21.32,354172.0,33681.1
Cotton,7.94,2025-12-23,2026-06-06,18.39,Stalks,39.98,1074145.89,85704.3
Groundnut,12.39,2025-02-11,2025-05-25,28.44,Shells,12.44,1412696.52,19576.25
Millets,13.58,2025-11-22,2026-02-10,20.93,Fodder,28.81,526011.05,66009.39
Cotton,12.77,2025-03-13,2025-09-02,28.71,Stalks,53.27,1507968.01,118886.71
Paddy,6.26,2025-03-09,2025-07-01,29.42,Straw,36.77,631688.26,93957.03
Cotton,7.65,2025-11-15,2026-04-30,18.72,Stalks,36.36,982776.83,76945.66
Sugarcane,14.84,2026-01-22,2026-11-24,969.76,Bagasse,314.47,2946583.54,299012.16
Paddy,6.9,2025-10-12,2026-02-23,32.69,Straw,40.97,676576.32,106121.77
Millets,7.18,2025-05-12,2025-08-18,11.07,Fodder,17.75,318912.46,27659.78
Banana,9.26,2026-04-25,2027-02-19,369.2,Leaves/Stem,180.77,4442630.71,321844.02
Paddy,4.79,2025-02-22,2025-07-07,24.08,Straw,29.39,498899.91,80382.33
Sugarcane,8.04,2025-07-30,2026-06-19,583.52,Bagasse,164.34,1750208.06,164679.46
Sugarcane,12.18,2026-02-20,2027-02-02,961.99,Bagasse,309.54,2747346.76,343958.92
Sugarcane,8.68,2026-03-11,2027-03-08,523.89,Bagasse,150.9,1678885.42,143411.64
Sugarcane,1.18,2025-01-07,2025-11-12,82.81,Bagasse,22.71,265491.09,24705.71
Paddy,11.04,2025-08-02,2025-11-26,44.34,Straw,47.99,968485.99,119415.19
Banana,10.46,2025-04-01,2026-01-28,453.95,Leaves/Stem,217.94,4918853.11,371279.72
Millets,4.81,2025-12-22,2026-03-27,7.68,Fodder,10.57,218945.8,16411.43
Paddy,2.1,2025-01-29,2025-06-03,8.7,Straw,10.65,183201.27,26919.2
Cotton,0.62,2025-11-08,2026-04-13,1.31,Stalks,2.55,78392.93,3902.37
Groundnut,4.64,2025-06-05,2025-09-28,8.97,Shells,3.82,477463.06,4541.48
Paddy,10.09,2025-02-23,2025-06-29,45.67,Straw,55.64,1040625.26,120439.86
Millets,10.87,2026-01-01,2026-03-22,12.01,Fodder,17.07,323063.03,33728.72
Groundnut,14.57,2025-06-03,2025-09-28,26.56,Shells,10.24,1314332.9,16652.75
Millets,6.85,2025-04-30,2025-07-23,9.45,Fodder,15.23,267583.73,28049.27
Sugarcane,10.1,2025-02-05,2026-02-04,741.32,Bagasse,220.51,2209932.18,239523.5
Cotton,13.68,2025-08-25,2026-02-13,24.85,Stalks,51.94,1272568.44,86672.36
Groundnut,13.81,2025-07-27,2025-11-08,34.23,Shells,14.73,1636172.55,16290.73
Banana,4.72,2025-09-23,2026-07-28,222.15,Leaves/Stem,119.94,2914334.07,180247.71
Groundnut,1.95,2025-10-23,2026-02-03,3.9,Shells,1.42,189090.64,1674.44
Banana,8.79,2026-03-09,2027-02-10,335.31,Leaves/Stem,153.37,4132234.37,277263.2
Banana,11.17,2025-08-28,2026-07-05,482.34,Leaves/Stem,262.88,5256168.08,397661.29
Paddy,4.68,2025-12-23,2026-04-23,23.82,Straw,28.77,483629.05,77627.66
Paddy,3.67,2025-03-25,2025-07-22,19.39,Straw,22.23,404665.24,50110.37
Cotton,9.35,2025-12-25,2026-06-19,16.69,Stalks,32.47,912027.09,80490.85
Sugarcane,14.84,2025-02-26,2026-01-25,925.25,Bagasse,301.64,2825891.9,343231.23
Paddy,6.89,2025-11-25,2026-03-28,38.23,Straw,41.6,855305.41,90968.09
Groundnut,7.3,2025-07-29,2025-12-03,11.73,Shells,4.36,531772.28,6410.29
Banana,2.18,2026-03-27,2027-02-16,100.28,Leaves/Stem,51.52,1326342.27,98576.5
Sugarcane,4.49,2025-04-16,2026-02-14,375.31,Bagasse,121.19,1271208.02,125173.79
Groundnut,8.24,2026-03-22,2026-07-26,15.16,Shells,6.21,817274.9,9291.25
Banana,5.01,2026-01-20,2026-11-26,187.06,Leaves/Stem,88.04,2513499.37,147574.23
Sugarcane,10.91,2025-07-28,2026-06-22,671.24,Bagasse,190.14,2008338.87,193761.18
Paddy,0.71,2026-04-06,2026-08-11,3.44,Straw,3.77,75827.77,9255.41
Cotton,7.9,2025-06-17,2025-11-19,17.69,Stalks,34.65,931011.3,64986.03
Sugarcane,1.43,2026-01-29,2026-12-07,124.82,Bagasse,37.6,418341.55,33506.76
Cotton,5.7,2025-12-01,2026-05-17,8.68,Stalks,16.47,447243.44,38855.84
Cotton,4.07,2025-10-11,2026-04-01,6.53,Stalks,14.32,382674.18,31330.71
Millets,2.9,2025-10-07,2025-12-27,4.13,Fodder,5.92,112974.52,14313.66
Cotton,6.1,2025-06-12,2025-11-27,12.78,Stalks,27.46,645081.13,51775.02
Banana,12.73,2025-11-18,2026-09-28,501.85,Leaves/Stem,271.67,5709940.57,516282.96
Millets,0.77,2026-04-12,2026-07-03,0.79,Fodder,1.18,21729.14,2149.56
Groundnut,7.86,2025-07-13,2025-11-10,15.06,Shells,6.43,826367.48,8474.48
Cotton,4.67,2026-01-27,2026-07-07,8.17,Stalks,15.44,450938.97,31847.91
Sugarcane,13.58,2025-10-22,2026-08-23,1043.04,Bagasse,297.58,3112207.27,242736.37
Millets,2.21,2026-03-02,2026-05-28,3.12,Fodder,4.75,84126.11,9869.24
Millets,10.62,2025-11-29,2026-03-05,14.85,Fodder,22.63,441642.96,35500.83
Groundnut,5.27,2025-10-06,2026-01-26,8.03,Shells,3.09,427185.41,4801.68
Sugarcane,7.2,2025-08-12,2026-07-24,514.75,Bagasse,164.79,1789811.1,160746.41
Cotton,5.13,2025-11-30,2026-05-19,8.76,Stalks,18.92,483813.18,30546.46
Paddy,12.23,2026-02-21,2026-06-17,54.18,Straw,67.82,1256987.79,159112.99
Millets,14.5,2025-11-28,2026-02-27,27.04,Fodder,40.56,695050.21,69678.21
Paddy,4.24,2025-04-14,2025-08-27,21.04,Straw,25.24,438901.57,57341.76
Groundnut,9.62,2025-10-27,2026-02-17,15.71,Shells,6.31,829341.51,7954.6
Cotton,14.51,2025-03-29,2025-09-02,24.73,Stalks,46.36,1267576.0,75955.23
Banana,12.71,2026-03-24,2027-02-23,587.12,Leaves/Stem,299.7,7886097.81,452300.61
Banana,9.75,2025-03-13,2026-02-13,346.07,Leaves/Stem,185.21,4644302.42,302389.56
Sugarcane,5.56,2025-11-30,2026-11-01,441.59,Bagasse,128.28,1477429.21,132139.09
Millets,4.41,2026-04-03,2026-06-17,4.72,Fodder,7.28,140166.54,10934.06
Paddy,14.58,2025-02-10,2025-06-14,84.11,Straw,95.17,1895521.48,262754.04
Groundnut,4.37,2025-03-13,2025-07-08,10.15,Shells,3.87,475548.56,6506.68
Sugarcane,8.29,2025-04-13,2026-03-15,595.09,Bagasse,185.51,2056941.01,188653.2
Groundnut,10.05,2026-01-08,2026-05-14,15.41,Shells,5.55,705595.87,9784.64
Sugarcane,1.05,2025-09-22,2026-08-17,85.43,Bagasse,27.52,295060.32,25620.47
Banana,13.99,2025-11-30,2026-10-04,531.62,Leaves/Stem,246.18,7112574.91,438186.02
Sugarcane,4.92,2025-05-15,2026-03-23,440.79,Bagasse,133.13,1269111.12,150611.22
Banana,4.75,2025-06-14,2026-05-02,220.75,Leaves/Stem,99.83,2761265.52,163456.03
Cotton,11.39,2026-01-17,2026-07-07,19.34,Stalks,38.63,1120103.19,76321.45
Groundnut,6.27,2026-03-25,2026-07-18,9.48,Shells,3.6,494743.02,5773.08
Millets,2.22,2025-08-26,2025-11-21,4.2,Fodder,5.98,120323.69,13819.87
Banana,11.92,2025-06-23,2026-04-30,558.45,Leaves/Stem,296.83,5821083.67,537703.52
Paddy,7.8,2025-03-12,2025-07-08,46.38,Straw,50.71,1034081.34,145184.19
Millets,13.11,2025-05-10,2025-07-31,17.51,Fodder,24.45,472798.15,45635.77
Paddy,10.15,2026-04-19,2026-09-05,55.39,Straw,68.38,1182043.08,139119.38
Cotton,3.03,2025-12-14,2026-06-07,6.11,Stalks,11.64,318322.73,24433.52
Cotton,7.7,2025-08-08,2026-01-30,17.54,Stalks,36.72,977780.37,85273.93
Millets,5.8,2025-11-21,2026-02-19,6.12,Fodder,9.5,180273.25,21886.9
Cotton,3.41,2026-03-16,2026-08-30,7.85,Stalks,16.48,454833.76,40687.85
Cotton,10.36,2025-01-28,2025-07-05,15.97,Stalks,28.89,858069.23,47633.49
Cotton,13.98,2025-02-01,2025-07-06,34.44,Stalks,74.53,1939151.48,155009.12
Paddy,2.35,2026-04-01,2026-08-07,11.62,Straw,12.97,244668.9,38233.44
Groundnut,0.93,2026-01-05,2026-04-30,1.65,Shells,0.71,84231.52,1146.0
Sugarcane,3.9,2025-01-16,2025-12-09,309.72,Bagasse,96.39,1035543.35,89116.0
Paddy,1.99,2025-05-08,2025-09-12,7.97,Straw,9.19,162862.4,22724.97
Cotton,1.7,2025-08-28,2026-02-06,3.7,Stalks,6.95,187950.33,16242.3
Cotton,4.7,2025-12-01,2026-05-23,8.61,Stalks,16.43,474534.67,31876.64
Millets,10.25,2025-02-16,2025-05-21,18.42,Fodder,27.31,489831.03,60716.4
Cotton,11.98,2025-07-30,2026-01-08,27.39,Stalks,57.74,1604365.21,86620.69
Groundnut,8.7,2026-05-08,2026-09-02,14.0,Shells,5.88,649024.06,6271.77
Banana,12.56,2025-01-15,2025-12-19,580.92,Leaves/Stem,310.38,7174640.72,526059.23
Millets,14.28,2026-04-16,2026-07-18,19.33,Fodder,29.59,513404.93,71306.68
Banana,9.32,2025-06-12,2026-05-09,393.19,Leaves/Stem,203.49,4568138.68,313338.14
Banana,5.21,2025-02-11,2026-01-05,253.16,Leaves/Stem,135.06,2718195.1,250412.71
Paddy,6.26,2025-12-26,2026-04-21,29.72,Straw,34.47,615341.18,89872.48
Banana,14.03,2026-05-09,2027-03-13,688.73,Leaves/Stem,335.31,7073152.97,630880.63
Millets,11.07,2026-04-01,2026-06-28,14.75,Fodder,22.14,369788.38,33364.04
Millets,6.73,2025-04-20,2025-07-13,7.92,Fodder,10.76,234008.44,16228.48
Sugarcane,1.0,2026-02-04,2026-12-13,86.78,Bagasse,26.84,283819.54,21529.32
Paddy,14.65,2025-09-15,2026-01-15,86.03,Straw,112.72,1792214.81,260517.74
Groundnut,8.66,2025-01-08,2025-04-23,20.97,Shells,7.79,990810.86,12137.87
Banana,9.48,2025-07-19,2026-06-18,335.42,Leaves/Stem,172.5,4851418.52,335070.39
Banana,13.6,2025-08-17,2026-07-02,583.09,Leaves/Stem,290.21,7135925.02,547799.06
Sugarcane,13.76,2026-01-24,2026-12-07,841.18,Bagasse,256.55,2490711.26,220441.5
Cotton,4.03,2026-04-13,2026-09-22,9.04,Stalks,19.53,525983.6,48637.01
Sugarcane,9.72,2025-01-14,2025-11-13,869.83,Bagasse,249.16,2558917.95,243394.85
Banana,4.26,2025-09-15,2026-07-27,184.69,Leaves/Stem,95.22,2305876.49,144356.54
Millets,0.75,2025-03-22,2025-06-22,0.8,Fodder,1.11,22601.0,2011.86
Groundnut,7.56,2025-10-10,2026-01-31,18.64,Shells,7.33,888289.05,9548.0
Groundnut,2.94,2025-04-26,2025-08-26,6.23,Shells,2.73,301392.2,4649.28
Millets,5.45,2025-01-23,2025-04-16,9.13,Fodder,14.06,249362.68,28908.1
Millets,10.71,2026-01-14,2026-04-23,11.72,Fodder,16.43,299008.52,34709.9
Cotton,11.44,2025-01-27,2025-06-27,20.01,Stalks,43.15,1144278.12,67873.58
Cotton,2.61,2025-07-13,2025-12-23,3.96,Stalks,8.15,215218.14,13861.25
Paddy,6.88,2025-02-10,2025-06-03,34.21,Straw,42.08,797419.25,112717.57
Sugarcane,4.68,2025-05-16,2026-05-05,402.64,Bagasse,117.65,1147446.97,136196.69
Sugarcane,8.03,2025-10-08,2026-09-24,576.08,Bagasse,186.26,1709897.05,169885.24
Groundnut,7.6,2025-01-28,2025-05-28,13.36,Shells,5.2,659207.33,5881.83
Banana,8.53,2026-05-02,2027-03-15,359.24,Leaves/Stem,175.73,5236779.57,274631.96
Groundnut,6.37,2025-11-18,2026-03-05,12.47,Shells,5.01,578597.9,7580.84
Millets,6.65,2026-03-11,2026-06-14,10.26,Fodder,15.97,280576.29,30976.3
Sugarcane,10.35,2025-02-08,2025-12-21,737.74,Bagasse,227.52,2321192.71,259293.83
Groundnut,0.69,2026-04-18,2026-08-04,1.16,Shells,0.42,58232.23,705.59
Groundnut,3.79,2025-02-12,2025-06-11,8.4,Shells,3.54,394922.77,4369.05
Banana,9.17,2025-04-14,2026-02-12,453.27,Leaves/Stem,236.74,5993505.71,441325.13
Cotton,9.63,2026-02-11,2026-07-27,17.63,Stalks,32.57,982059.29,78374.96
Cotton,9.53,2025-08-17,2026-02-02,19.46,Stalks,35.74,1105122.78,79524.93
Cotton,4.28,2025-12-08,2026-05-27,8.76,Stalks,18.24,507239.69,30893.8
Groundnut,6.0,2025-08-01,2025-11-13,12.53,Shells,5.16,620453.24,10158.45
Groundnut,11.71,2025-05-26,2025-09-26,27.3,Shells,10.43,1377584.97,12662.09
Groundnut,5.38,2025-05-27,2025-09-09,10.81,Shells,4.0,567531.63,4396.92
Paddy,0.79,2026-05-13,2026-09-20,3.56,Straw,3.88,76937.15,11388.65
Sugarcane,3.92,2026-02-18,2027-01-05,256.87,Bagasse,72.64,767975.57,66952.18
Paddy,10.85,2025-05-19,2025-09-11,45.32,Straw,59.33,1073417.43,121863.78
